LED: 0,steps: 1,intensity: 255
LED: 1,steps: 1,intensity: 255
LED: 2,steps: 1,intensity: 255
LED: 3,steps: 1,intensity: 255
LED: 4,steps: 1,intensity: 254
LED: 5,steps: 1,intensity: 254
LED: 6,steps: 1,intensity: 255
LED: 7,steps: 1,intensity: 255
LED: 8,steps: 1,intensity: 255
LED: 0,steps: 2,intensity: 255
LED: 1,steps: 2,intensity: 255
LED: 2,steps: 2,intensity: 255
LED: 3,steps: 2,intensity: 255
LED: 4,steps: 2,intensity: 253
LED: 5,steps: 2,intensity: 253
LED: 6,steps: 2,intensity: 255
LED: 7,steps: 2,intensity: 255
LED: 8,steps: 2,intensity: 255
LED: 0,steps: 3,intensity: 255
LED: 1,steps: 3,intensity: 255
LED: 2,steps: 3,intensity: 255
LED: 3,steps: 3,intensity: 255
LED: 4,steps: 3,intensity: 252
LED: 5,steps: 3,intensity: 252
LED: 6,steps: 3,intensity: 255
LED: 7,steps: 3,intensity: 255
LED: 8,steps: 3,intensity: 255
LED: 0,steps: 4,intensity: 255
LED: 1,steps: 4,intensity: 255
LED: 2,steps: 4,intensity: 255
LED: 3,steps: 4,intensity: 255
LED: 4,steps: 4,intensity: 251
LED: 5,steps: 4,intensity: 251
LED: 6,steps: 4,intensity: 255
LED: 7,steps: 4,intensity: 255
LED: 8,steps: 4,intensity: 255
LED: 0,steps: 5,intensity: 255
LED: 1,steps: 5,intensity: 255
LED: 2,steps: 5,intensity: 255
LED: 3,steps: 5,intensity: 255
LED: 4,steps: 5,intensity: 250
LED: 5,steps: 5,intensity: 250
LED: 6,steps: 5,intensity: 255
LED: 7,steps: 5,intensity: 255
LED: 8,steps: 5,intensity: 255
LED: 0,steps: 6,intensity: 255
LED: 1,steps: 6,intensity: 255
LED: 2,steps: 6,intensity: 255
LED: 3,steps: 6,intensity: 255
LED: 4,steps: 6,intensity: 249
LED: 5,steps: 6,intensity: 249
LED: 6,steps: 6,intensity: 255
LED: 7,steps: 6,intensity: 255
LED: 8,steps: 6,intensity: 255
LED: 0,steps: 7,intensity: 255
LED: 1,steps: 7,intensity: 255
LED: 2,steps: 7,intensity: 255
LED: 3,steps: 7,intensity: 255
LED: 4,steps: 7,intensity: 248
LED: 5,steps: 7,intensity: 248
LED: 6,steps: 7,intensity: 255
LED: 7,steps: 7,intensity: 255
LED: 8,steps: 7,intensity: 255
LED: 0,steps: 8,intensity: 255
LED: 1,steps: 8,intensity: 255
LED: 2,steps: 8,intensity: 255
LED: 3,steps: 8,intensity: 255
LED: 4,steps: 8,intensity: 247
LED: 5,steps: 8,intensity: 248
LED: 6,steps: 8,intensity: 255
LED: 7,steps: 8,intensity: 255
LED: 8,steps: 8,intensity: 255
LED: 0,steps: 9,intensity: 255
LED: 1,steps: 9,intensity: 255
LED: 2,steps: 9,intensity: 255
LED: 3,steps: 9,intensity: 255
LED: 4,steps: 9,intensity: 246
LED: 5,steps: 9,intensity: 247
LED: 6,steps: 9,intensity: 255
LED: 7,steps: 9,intensity: 255
LED: 8,steps: 9,intensity: 255
LED: 0,steps: 10,intensity: 255
LED: 1,steps: 10,intensity: 255
LED: 2,steps: 10,intensity: 255
LED: 3,steps: 10,intensity: 255
LED: 4,steps: 10,intensity: 245
LED: 5,steps: 10,intensity: 247
LED: 6,steps: 10,intensity: 255
LED: 7,steps: 10,intensity: 255
LED: 8,steps: 10,intensity: 255
LED: 0,steps: 11,intensity: 255
LED: 1,steps: 11,intensity: 255
LED: 2,steps: 11,intensity: 255
LED: 3,steps: 11,intensity: 255
LED: 4,steps: 11,intensity: 244
LED: 5,steps: 11,intensity: 246
LED: 6,steps: 11,intensity: 255
LED: 7,steps: 11,intensity: 255
LED: 8,steps: 11,intensity: 255
LED: 0,steps: 12,intensity: 255
LED: 1,steps: 12,intensity: 255
LED: 2,steps: 12,intensity: 255
LED: 3,steps: 12,intensity: 255
LED: 4,steps: 12,intensity: 243
LED: 5,steps: 12,intensity: 245
LED: 6,steps: 12,intensity: 255
LED: 7,steps: 12,intensity: 255
LED: 8,steps: 12,intensity: 255
LED: 0,steps: 13,intensity: 255
LED: 1,steps: 13,intensity: 255
LED: 2,steps: 13,intensity: 255
LED: 3,steps: 13,intensity: 255
LED: 4,steps: 13,intensity: 242
LED: 5,steps: 13,intensity: 245
LED: 6,steps: 13,intensity: 255
LED: 7,steps: 13,intensity: 255
LED: 8,steps: 13,intensity: 255
LED: 0,steps: 14,intensity: 255
LED: 1,steps: 14,intensity: 255
LED: 2,steps: 14,intensity: 255
LED: 3,steps: 14,intensity: 255
LED: 4,steps: 14,intensity: 241
LED: 5,steps: 14,intensity: 245
LED: 6,steps: 14,intensity: 255
LED: 7,steps: 14,intensity: 255
LED: 8,steps: 14,intensity: 255
LED: 0,steps: 15,intensity: 255
LED: 1,steps: 15,intensity: 255
LED: 2,steps: 15,intensity: 255
LED: 3,steps: 15,intensity: 255
LED: 4,steps: 15,intensity: 240
LED: 5,steps: 15,intensity: 245
LED: 6,steps: 15,intensity: 255
LED: 7,steps: 15,intensity: 255
LED: 8,steps: 15,intensity: 255
LED: 0,steps: 16,intensity: 255
LED: 1,steps: 16,intensity: 255
LED: 2,steps: 16,intensity: 255
LED: 3,steps: 16,intensity: 255
LED: 4,steps: 16,intensity: 239
LED: 5,steps: 16,intensity: 244
LED: 6,steps: 16,intensity: 255
LED: 7,steps: 16,intensity: 255
LED: 8,steps: 16,intensity: 255
LED: 0,steps: 17,intensity: 255
LED: 1,steps: 17,intensity: 255
LED: 2,steps: 17,intensity: 255
LED: 3,steps: 17,intensity: 255
LED: 4,steps: 17,intensity: 238
LED: 5,steps: 17,intensity: 244
LED: 6,steps: 17,intensity: 255
LED: 7,steps: 17,intensity: 255
LED: 8,steps: 17,intensity: 255
LED: 0,steps: 18,intensity: 255
LED: 1,steps: 18,intensity: 255
LED: 2,steps: 18,intensity: 255
LED: 3,steps: 18,intensity: 255
LED: 4,steps: 18,intensity: 237
LED: 5,steps: 18,intensity: 244
LED: 6,steps: 18,intensity: 255
LED: 7,steps: 18,intensity: 255
LED: 8,steps: 18,intensity: 255
LED: 0,steps: 19,intensity: 255
LED: 1,steps: 19,intensity: 255
LED: 2,steps: 19,intensity: 255
LED: 3,steps: 19,intensity: 255
LED: 4,steps: 19,intensity: 236
LED: 5,steps: 19,intensity: 244
LED: 6,steps: 19,intensity: 255
LED: 7,steps: 19,intensity: 255
LED: 8,steps: 19,intensity: 255
LED: 0,steps: 20,intensity: 255
LED: 1,steps: 20,intensity: 255
LED: 2,steps: 20,intensity: 255
LED: 3,steps: 20,intensity: 255
LED: 4,steps: 20,intensity: 235
LED: 5,steps: 20,intensity: 244
LED: 6,steps: 20,intensity: 255
LED: 7,steps: 20,intensity: 255
LED: 8,steps: 20,intensity: 255
LED: 0,steps: 21,intensity: 255
LED: 1,steps: 21,intensity: 255
LED: 2,steps: 21,intensity: 255
LED: 3,steps: 21,intensity: 255
LED: 4,steps: 21,intensity: 234
LED: 5,steps: 21,intensity: 244
LED: 6,steps: 21,intensity: 255
LED: 7,steps: 21,intensity: 255
LED: 8,steps: 21,intensity: 255
LED: 0,steps: 22,intensity: 255
LED: 1,steps: 22,intensity: 255
LED: 2,steps: 22,intensity: 255
LED: 3,steps: 22,intensity: 255
LED: 4,steps: 22,intensity: 233
LED: 5,steps: 22,intensity: 244
LED: 6,steps: 22,intensity: 255
LED: 7,steps: 22,intensity: 255
LED: 8,steps: 22,intensity: 255
LED: 0,steps: 23,intensity: 255
LED: 1,steps: 23,intensity: 255
LED: 2,steps: 23,intensity: 255
LED: 3,steps: 23,intensity: 255
LED: 4,steps: 23,intensity: 232
LED: 5,steps: 23,intensity: 244
LED: 6,steps: 23,intensity: 255
LED: 7,steps: 23,intensity: 255
LED: 8,steps: 23,intensity: 255
LED: 0,steps: 24,intensity: 255
LED: 1,steps: 24,intensity: 255
LED: 2,steps: 24,intensity: 255
LED: 3,steps: 24,intensity: 255
LED: 4,steps: 24,intensity: 231
LED: 5,steps: 24,intensity: 244
LED: 6,steps: 24,intensity: 255
LED: 7,steps: 24,intensity: 255
LED: 8,steps: 24,intensity: 255
LED: 0,steps: 25,intensity: 255
LED: 1,steps: 25,intensity: 255
LED: 2,steps: 25,intensity: 255
LED: 3,steps: 25,intensity: 255
LED: 4,steps: 25,intensity: 230
LED: 5,steps: 25,intensity: 244
LED: 6,steps: 25,intensity: 255
LED: 7,steps: 25,intensity: 255
LED: 8,steps: 25,intensity: 255
LED: 0,steps: 26,intensity: 255
LED: 1,steps: 26,intensity: 255
LED: 2,steps: 26,intensity: 255
LED: 3,steps: 26,intensity: 255
LED: 4,steps: 26,intensity: 229
LED: 5,steps: 26,intensity: 244
LED: 6,steps: 26,intensity: 255
LED: 7,steps: 26,intensity: 255
LED: 8,steps: 26,intensity: 255
LED: 0,steps: 27,intensity: 255
LED: 1,steps: 27,intensity: 255
LED: 2,steps: 27,intensity: 255
LED: 3,steps: 27,intensity: 255
LED: 4,steps: 27,intensity: 228
LED: 5,steps: 27,intensity: 244
LED: 6,steps: 27,intensity: 255
LED: 7,steps: 27,intensity: 255
LED: 8,steps: 27,intensity: 255
LED: 0,steps: 28,intensity: 255
LED: 1,steps: 28,intensity: 255
LED: 2,steps: 28,intensity: 255
LED: 3,steps: 28,intensity: 255
LED: 4,steps: 28,intensity: 227
LED: 5,steps: 28,intensity: 244
LED: 6,steps: 28,intensity: 255
LED: 7,steps: 28,intensity: 255
LED: 8,steps: 28,intensity: 255
LED: 0,steps: 29,intensity: 255
LED: 1,steps: 29,intensity: 255
LED: 2,steps: 29,intensity: 255
LED: 3,steps: 29,intensity: 255
LED: 4,steps: 29,intensity: 226
LED: 5,steps: 29,intensity: 244
LED: 6,steps: 29,intensity: 255
LED: 7,steps: 29,intensity: 255
LED: 8,steps: 29,intensity: 255
LED: 0,steps: 30,intensity: 255
LED: 1,steps: 30,intensity: 255
LED: 2,steps: 30,intensity: 255
LED: 3,steps: 30,intensity: 255
LED: 4,steps: 30,intensity: 225
LED: 5,steps: 30,intensity: 244
LED: 6,steps: 30,intensity: 255
LED: 7,steps: 30,intensity: 255
LED: 8,steps: 30,intensity: 255
LED: 0,steps: 31,intensity: 255
LED: 1,steps: 31,intensity: 255
LED: 2,steps: 31,intensity: 255
LED: 3,steps: 31,intensity: 255
LED: 4,steps: 31,intensity: 224
LED: 5,steps: 31,intensity: 244
LED: 6,steps: 31,intensity: 255
LED: 7,steps: 31,intensity: 255
LED: 8,steps: 31,intensity: 255
LED: 0,steps: 32,intensity: 255
LED: 1,steps: 32,intensity: 255
LED: 2,steps: 32,intensity: 255
LED: 3,steps: 32,intensity: 255
LED: 4,steps: 32,intensity: 223
LED: 5,steps: 32,intensity: 244
LED: 6,steps: 32,intensity: 255
LED: 7,steps: 32,intensity: 255
LED: 8,steps: 32,intensity: 255
LED: 0,steps: 33,intensity: 255
LED: 1,steps: 33,intensity: 255
LED: 2,steps: 33,intensity: 255
LED: 3,steps: 33,intensity: 255
LED: 4,steps: 33,intensity: 222
LED: 5,steps: 33,intensity: 244
LED: 6,steps: 33,intensity: 255
LED: 7,steps: 33,intensity: 255
LED: 8,steps: 33,intensity: 255
LED: 0,steps: 34,intensity: 255
LED: 1,steps: 34,intensity: 255
LED: 2,steps: 34,intensity: 255
LED: 3,steps: 34,intensity: 255
LED: 4,steps: 34,intensity: 221
LED: 5,steps: 34,intensity: 244
LED: 6,steps: 34,intensity: 255
LED: 7,steps: 34,intensity: 255
LED: 8,steps: 34,intensity: 255
LED: 0,steps: 35,intensity: 255
LED: 1,steps: 35,intensity: 255
LED: 2,steps: 35,intensity: 255
LED: 3,steps: 35,intensity: 255
LED: 4,steps: 35,intensity: 220
LED: 5,steps: 35,intensity: 244
LED: 6,steps: 35,intensity: 255
LED: 7,steps: 35,intensity: 255
LED: 8,steps: 35,intensity: 255
LED: 0,steps: 36,intensity: 255
LED: 1,steps: 36,intensity: 255
LED: 2,steps: 36,intensity: 255
LED: 3,steps: 36,intensity: 255
LED: 4,steps: 36,intensity: 219
LED: 5,steps: 36,intensity: 244
LED: 6,steps: 36,intensity: 255
LED: 7,steps: 36,intensity: 255
LED: 8,steps: 36,intensity: 255
LED: 0,steps: 37,intensity: 255
LED: 1,steps: 37,intensity: 255
LED: 2,steps: 37,intensity: 255
LED: 3,steps: 37,intensity: 255
LED: 4,steps: 37,intensity: 218
LED: 5,steps: 37,intensity: 244
LED: 6,steps: 37,intensity: 255
LED: 7,steps: 37,intensity: 255
LED: 8,steps: 37,intensity: 255
LED: 0,steps: 38,intensity: 255
LED: 1,steps: 38,intensity: 255
LED: 2,steps: 38,intensity: 255
LED: 3,steps: 38,intensity: 255
LED: 4,steps: 38,intensity: 217
LED: 5,steps: 38,intensity: 244
LED: 6,steps: 38,intensity: 255
LED: 7,steps: 38,intensity: 255
LED: 8,steps: 38,intensity: 255
LED: 0,steps: 39,intensity: 255
LED: 1,steps: 39,intensity: 255
LED: 2,steps: 39,intensity: 255
LED: 3,steps: 39,intensity: 255
LED: 4,steps: 39,intensity: 216
LED: 5,steps: 39,intensity: 244
LED: 6,steps: 39,intensity: 255
LED: 7,steps: 39,intensity: 255
LED: 8,steps: 39,intensity: 255
LED: 0,steps: 40,intensity: 255
LED: 1,steps: 40,intensity: 255
LED: 2,steps: 40,intensity: 255
LED: 3,steps: 40,intensity: 255
LED: 4,steps: 40,intensity: 215
LED: 5,steps: 40,intensity: 244
LED: 6,steps: 40,intensity: 255
LED: 7,steps: 40,intensity: 255
LED: 8,steps: 40,intensity: 255
LED: 0,steps: 41,intensity: 255
LED: 1,steps: 41,intensity: 255
LED: 2,steps: 41,intensity: 255
LED: 3,steps: 41,intensity: 255
LED: 4,steps: 41,intensity: 214
LED: 5,steps: 41,intensity: 244
LED: 6,steps: 41,intensity: 255
LED: 7,steps: 41,intensity: 255
LED: 8,steps: 41,intensity: 255
LED: 0,steps: 42,intensity: 255
LED: 1,steps: 42,intensity: 255
LED: 2,steps: 42,intensity: 255
LED: 3,steps: 42,intensity: 255
LED: 4,steps: 42,intensity: 213
LED: 5,steps: 42,intensity: 244
LED: 6,steps: 42,intensity: 255
LED: 7,steps: 42,intensity: 255
LED: 8,steps: 42,intensity: 255
LED: 0,steps: 43,intensity: 255
LED: 1,steps: 43,intensity: 255
LED: 2,steps: 43,intensity: 255
LED: 3,steps: 43,intensity: 255
LED: 4,steps: 43,intensity: 212
LED: 5,steps: 43,intensity: 244
LED: 6,steps: 43,intensity: 255
LED: 7,steps: 43,intensity: 255
LED: 8,steps: 43,intensity: 255
LED: 0,steps: 44,intensity: 255
LED: 1,steps: 44,intensity: 255
LED: 2,steps: 44,intensity: 255
LED: 3,steps: 44,intensity: 255
LED: 4,steps: 44,intensity: 211
LED: 5,steps: 44,intensity: 244
LED: 6,steps: 44,intensity: 255
LED: 7,steps: 44,intensity: 255
LED: 8,steps: 44,intensity: 255
LED: 0,steps: 45,intensity: 255
LED: 1,steps: 45,intensity: 255
LED: 2,steps: 45,intensity: 255
LED: 3,steps: 45,intensity: 255
LED: 4,steps: 45,intensity: 210
LED: 5,steps: 45,intensity: 244
LED: 6,steps: 45,intensity: 255
LED: 7,steps: 45,intensity: 255
LED: 8,steps: 45,intensity: 255
LED: 0,steps: 46,intensity: 255
LED: 1,steps: 46,intensity: 255
LED: 2,steps: 46,intensity: 255
LED: 3,steps: 46,intensity: 255
LED: 4,steps: 46,intensity: 209
LED: 5,steps: 46,intensity: 244
LED: 6,steps: 46,intensity: 255
LED: 7,steps: 46,intensity: 255
LED: 8,steps: 46,intensity: 255
LED: 0,steps: 47,intensity: 255
LED: 1,steps: 47,intensity: 255
LED: 2,steps: 47,intensity: 255
LED: 3,steps: 47,intensity: 255
LED: 4,steps: 47,intensity: 208
LED: 5,steps: 47,intensity: 244
LED: 6,steps: 47,intensity: 255
LED: 7,steps: 47,intensity: 255
LED: 8,steps: 47,intensity: 255
LED: 0,steps: 48,intensity: 255
LED: 1,steps: 48,intensity: 255
LED: 2,steps: 48,intensity: 255
LED: 3,steps: 48,intensity: 255
LED: 4,steps: 48,intensity: 207
LED: 5,steps: 48,intensity: 244
LED: 6,steps: 48,intensity: 255
LED: 7,steps: 48,intensity: 255
LED: 8,steps: 48,intensity: 255
LED: 0,steps: 49,intensity: 255
LED: 1,steps: 49,intensity: 255
LED: 2,steps: 49,intensity: 255
LED: 3,steps: 49,intensity: 255
LED: 4,steps: 49,intensity: 206
LED: 5,steps: 49,intensity: 244
LED: 6,steps: 49,intensity: 255
LED: 7,steps: 49,intensity: 255
LED: 8,steps: 49,intensity: 255
LED: 0,steps: 50,intensity: 255
LED: 1,steps: 50,intensity: 255
LED: 2,steps: 50,intensity: 255
LED: 3,steps: 50,intensity: 255
LED: 4,steps: 50,intensity: 205
LED: 5,steps: 50,intensity: 244
LED: 6,steps: 50,intensity: 255
LED: 7,steps: 50,intensity: 255
LED: 8,steps: 50,intensity: 255
LED: 0,steps: 51,intensity: 255
LED: 1,steps: 51,intensity: 255
LED: 2,steps: 51,intensity: 255
LED: 3,steps: 51,intensity: 255
LED: 4,steps: 51,intensity: 204
LED: 5,steps: 51,intensity: 244
LED: 6,steps: 51,intensity: 255
LED: 7,steps: 51,intensity: 255
LED: 8,steps: 51,intensity: 255
LED: 0,steps: 52,intensity: 255
LED: 1,steps: 52,intensity: 255
LED: 2,steps: 52,intensity: 255
LED: 3,steps: 52,intensity: 255
LED: 4,steps: 52,intensity: 203
LED: 5,steps: 52,intensity: 244
LED: 6,steps: 52,intensity: 255
LED: 7,steps: 52,intensity: 255
LED: 8,steps: 52,intensity: 255
LED: 0,steps: 53,intensity: 255
LED: 1,steps: 53,intensity: 255
LED: 2,steps: 53,intensity: 255
LED: 3,steps: 53,intensity: 255
LED: 4,steps: 53,intensity: 202
LED: 5,steps: 53,intensity: 244
LED: 6,steps: 53,intensity: 255
LED: 7,steps: 53,intensity: 255
LED: 8,steps: 53,intensity: 255
LED: 0,steps: 54,intensity: 255
LED: 1,steps: 54,intensity: 255
LED: 2,steps: 54,intensity: 255
LED: 3,steps: 54,intensity: 255
LED: 4,steps: 54,intensity: 201
LED: 5,steps: 54,intensity: 244
LED: 6,steps: 54,intensity: 255
LED: 7,steps: 54,intensity: 255
LED: 8,steps: 54,intensity: 255
LED: 0,steps: 55,intensity: 255
LED: 1,steps: 55,intensity: 255
LED: 2,steps: 55,intensity: 255
LED: 3,steps: 55,intensity: 255
LED: 4,steps: 55,intensity: 200
LED: 5,steps: 55,intensity: 244
LED: 6,steps: 55,intensity: 255
LED: 7,steps: 55,intensity: 255
LED: 8,steps: 55,intensity: 255
LED: 0,steps: 56,intensity: 255
LED: 1,steps: 56,intensity: 255
LED: 2,steps: 56,intensity: 255
LED: 3,steps: 56,intensity: 255
LED: 4,steps: 56,intensity: 199
LED: 5,steps: 56,intensity: 244
LED: 6,steps: 56,intensity: 255
LED: 7,steps: 56,intensity: 255
LED: 8,steps: 56,intensity: 255
LED: 0,steps: 57,intensity: 255
LED: 1,steps: 57,intensity: 255
LED: 2,steps: 57,intensity: 255
LED: 3,steps: 57,intensity: 255
LED: 4,steps: 57,intensity: 198
LED: 5,steps: 57,intensity: 244
LED: 6,steps: 57,intensity: 255
LED: 7,steps: 57,intensity: 255
LED: 8,steps: 57,intensity: 255
LED: 0,steps: 58,intensity: 255
LED: 1,steps: 58,intensity: 255
LED: 2,steps: 58,intensity: 255
LED: 3,steps: 58,intensity: 255
LED: 4,steps: 58,intensity: 197
LED: 5,steps: 58,intensity: 244
LED: 6,steps: 58,intensity: 255
LED: 7,steps: 58,intensity: 255
LED: 8,steps: 58,intensity: 255
LED: 0,steps: 59,intensity: 255
LED: 1,steps: 59,intensity: 255
LED: 2,steps: 59,intensity: 255
LED: 3,steps: 59,intensity: 255
LED: 4,steps: 59,intensity: 196
LED: 5,steps: 59,intensity: 244
LED: 6,steps: 59,intensity: 255
LED: 7,steps: 59,intensity: 255
LED: 8,steps: 59,intensity: 255
LED: 0,steps: 60,intensity: 255
LED: 1,steps: 60,intensity: 255
LED: 2,steps: 60,intensity: 255
LED: 3,steps: 60,intensity: 255
LED: 4,steps: 60,intensity: 195
LED: 5,steps: 60,intensity: 244
LED: 6,steps: 60,intensity: 255
LED: 7,steps: 60,intensity: 255
LED: 8,steps: 60,intensity: 255
LED: 0,steps: 61,intensity: 255
LED: 1,steps: 61,intensity: 255
LED: 2,steps: 61,intensity: 255
LED: 3,steps: 61,intensity: 255
LED: 4,steps: 61,intensity: 194
LED: 5,steps: 61,intensity: 244
LED: 6,steps: 61,intensity: 255
LED: 7,steps: 61,intensity: 255
LED: 8,steps: 61,intensity: 255
LED: 0,steps: 62,intensity: 255
LED: 1,steps: 62,intensity: 255
LED: 2,steps: 62,intensity: 255
LED: 3,steps: 62,intensity: 255
LED: 4,steps: 62,intensity: 193
LED: 5,steps: 62,intensity: 244
LED: 6,steps: 62,intensity: 255
LED: 7,steps: 62,intensity: 255
LED: 8,steps: 62,intensity: 255
LED: 0,steps: 63,intensity: 255
LED: 1,steps: 63,intensity: 255
LED: 2,steps: 63,intensity: 255
LED: 3,steps: 63,intensity: 255
LED: 4,steps: 63,intensity: 192
LED: 5,steps: 63,intensity: 244
LED: 6,steps: 63,intensity: 255
LED: 7,steps: 63,intensity: 255
LED: 8,steps: 63,intensity: 255
LED: 0,steps: 64,intensity: 255
LED: 1,steps: 64,intensity: 255
LED: 2,steps: 64,intensity: 255
LED: 3,steps: 64,intensity: 255
LED: 4,steps: 64,intensity: 191
LED: 5,steps: 64,intensity: 244
LED: 6,steps: 64,intensity: 255
LED: 7,steps: 64,intensity: 255
LED: 8,steps: 64,intensity: 255
LED: 0,steps: 65,intensity: 255
LED: 1,steps: 65,intensity: 255
LED: 2,steps: 65,intensity: 255
LED: 3,steps: 65,intensity: 255
LED: 4,steps: 65,intensity: 190
LED: 5,steps: 65,intensity: 244
LED: 6,steps: 65,intensity: 255
LED: 7,steps: 65,intensity: 255
LED: 8,steps: 65,intensity: 255
LED: 0,steps: 66,intensity: 255
LED: 1,steps: 66,intensity: 255
LED: 2,steps: 66,intensity: 255
LED: 3,steps: 66,intensity: 255
LED: 4,steps: 66,intensity: 189
LED: 5,steps: 66,intensity: 244
LED: 6,steps: 66,intensity: 255
LED: 7,steps: 66,intensity: 255
LED: 8,steps: 66,intensity: 255
LED: 0,steps: 67,intensity: 255
LED: 1,steps: 67,intensity: 255
LED: 2,steps: 67,intensity: 255
LED: 3,steps: 67,intensity: 255
LED: 4,steps: 67,intensity: 188
LED: 5,steps: 67,intensity: 244
LED: 6,steps: 67,intensity: 255
LED: 7,steps: 67,intensity: 255
LED: 8,steps: 67,intensity: 255
LED: 0,steps: 68,intensity: 255
LED: 1,steps: 68,intensity: 255
LED: 2,steps: 68,intensity: 255
LED: 3,steps: 68,intensity: 255
LED: 4,steps: 68,intensity: 187
LED: 5,steps: 68,intensity: 244
LED: 6,steps: 68,intensity: 255
LED: 7,steps: 68,intensity: 255
LED: 8,steps: 68,intensity: 255
LED: 0,steps: 69,intensity: 255
LED: 1,steps: 69,intensity: 255
LED: 2,steps: 69,intensity: 255
LED: 3,steps: 69,intensity: 255
LED: 4,steps: 69,intensity: 186
LED: 5,steps: 69,intensity: 244
LED: 6,steps: 69,intensity: 255
LED: 7,steps: 69,intensity: 255
LED: 8,steps: 69,intensity: 255
LED: 0,steps: 70,intensity: 255
LED: 1,steps: 70,intensity: 255
LED: 2,steps: 70,intensity: 255
LED: 3,steps: 70,intensity: 255
LED: 4,steps: 70,intensity: 185
LED: 5,steps: 70,intensity: 244
LED: 6,steps: 70,intensity: 255
LED: 7,steps: 70,intensity: 255
LED: 8,steps: 70,intensity: 255
LED: 0,steps: 71,intensity: 255
LED: 1,steps: 71,intensity: 255
LED: 2,steps: 71,intensity: 255
LED: 3,steps: 71,intensity: 255
LED: 4,steps: 71,intensity: 184
LED: 5,steps: 71,intensity: 244
LED: 6,steps: 71,intensity: 255
LED: 7,steps: 71,intensity: 255
LED: 8,steps: 71,intensity: 255
LED: 0,steps: 72,intensity: 255
LED: 1,steps: 72,intensity: 255
LED: 2,steps: 72,intensity: 255
LED: 3,steps: 72,intensity: 255
LED: 4,steps: 72,intensity: 183
LED: 5,steps: 72,intensity: 244
LED: 6,steps: 72,intensity: 255
LED: 7,steps: 72,intensity: 255
LED: 8,steps: 72,intensity: 255
LED: 0,steps: 73,intensity: 255
LED: 1,steps: 73,intensity: 255
LED: 2,steps: 73,intensity: 255
LED: 3,steps: 73,intensity: 255
LED: 4,steps: 73,intensity: 182
LED: 5,steps: 73,intensity: 244
LED: 6,steps: 73,intensity: 255
LED: 7,steps: 73,intensity: 255
LED: 8,steps: 73,intensity: 255
LED: 0,steps: 74,intensity: 255
LED: 1,steps: 74,intensity: 255
LED: 2,steps: 74,intensity: 255
LED: 3,steps: 74,intensity: 255
LED: 4,steps: 74,intensity: 181
LED: 5,steps: 74,intensity: 244
LED: 6,steps: 74,intensity: 255
LED: 7,steps: 74,intensity: 255
LED: 8,steps: 74,intensity: 255
LED: 0,steps: 75,intensity: 255
LED: 1,steps: 75,intensity: 255
LED: 2,steps: 75,intensity: 255
LED: 3,steps: 75,intensity: 255
LED: 4,steps: 75,intensity: 180
LED: 5,steps: 75,intensity: 244
LED: 6,steps: 75,intensity: 255
LED: 7,steps: 75,intensity: 255
LED: 8,steps: 75,intensity: 255
LED: 0,steps: 76,intensity: 255
LED: 1,steps: 76,intensity: 255
LED: 2,steps: 76,intensity: 255
LED: 3,steps: 76,intensity: 255
LED: 4,steps: 76,intensity: 179
LED: 5,steps: 76,intensity: 244
LED: 6,steps: 76,intensity: 255
LED: 7,steps: 76,intensity: 255
LED: 8,steps: 76,intensity: 255
LED: 0,steps: 77,intensity: 255
LED: 1,steps: 77,intensity: 255
LED: 2,steps: 77,intensity: 255
LED: 3,steps: 77,intensity: 255
LED: 4,steps: 77,intensity: 178
LED: 5,steps: 77,intensity: 244
LED: 6,steps: 77,intensity: 255
LED: 7,steps: 77,intensity: 255
LED: 8,steps: 77,intensity: 255
LED: 0,steps: 78,intensity: 255
LED: 1,steps: 78,intensity: 255
LED: 2,steps: 78,intensity: 255
LED: 3,steps: 78,intensity: 255
LED: 4,steps: 78,intensity: 177
LED: 5,steps: 78,intensity: 244
LED: 6,steps: 78,intensity: 255
LED: 7,steps: 78,intensity: 255
LED: 8,steps: 78,intensity: 255
LED: 0,steps: 79,intensity: 255
LED: 1,steps: 79,intensity: 255
LED: 2,steps: 79,intensity: 255
LED: 3,steps: 79,intensity: 255
LED: 4,steps: 79,intensity: 176
LED: 5,steps: 79,intensity: 244
LED: 6,steps: 79,intensity: 255
LED: 7,steps: 79,intensity: 255
LED: 8,steps: 79,intensity: 255
LED: 0,steps: 80,intensity: 255
LED: 1,steps: 80,intensity: 255
LED: 2,steps: 80,intensity: 255
LED: 3,steps: 80,intensity: 255
LED: 4,steps: 80,intensity: 175
LED: 5,steps: 80,intensity: 244
LED: 6,steps: 80,intensity: 255
LED: 7,steps: 80,intensity: 255
LED: 8,steps: 80,intensity: 255
LED: 0,steps: 81,intensity: 255
LED: 1,steps: 81,intensity: 255
LED: 2,steps: 81,intensity: 255
LED: 3,steps: 81,intensity: 255
LED: 4,steps: 81,intensity: 174
LED: 5,steps: 81,intensity: 244
LED: 6,steps: 81,intensity: 255
LED: 7,steps: 81,intensity: 255
LED: 8,steps: 81,intensity: 255
LED: 0,steps: 82,intensity: 255
LED: 1,steps: 82,intensity: 255
LED: 2,steps: 82,intensity: 255
LED: 3,steps: 82,intensity: 255
LED: 4,steps: 82,intensity: 173
LED: 5,steps: 82,intensity: 244
LED: 6,steps: 82,intensity: 255
LED: 7,steps: 82,intensity: 255
LED: 8,steps: 82,intensity: 255
LED: 0,steps: 83,intensity: 255
LED: 1,steps: 83,intensity: 255
LED: 2,steps: 83,intensity: 255
LED: 3,steps: 83,intensity: 255
LED: 4,steps: 83,intensity: 172
LED: 5,steps: 83,intensity: 244
LED: 6,steps: 83,intensity: 255
LED: 7,steps: 83,intensity: 255
LED: 8,steps: 83,intensity: 255
LED: 0,steps: 84,intensity: 255
LED: 1,steps: 84,intensity: 255
LED: 2,steps: 84,intensity: 255
LED: 3,steps: 84,intensity: 255
LED: 4,steps: 84,intensity: 171
LED: 5,steps: 84,intensity: 244
LED: 6,steps: 84,intensity: 255
LED: 7,steps: 84,intensity: 255
LED: 8,steps: 84,intensity: 255
LED: 0,steps: 85,intensity: 255
LED: 1,steps: 85,intensity: 255
LED: 2,steps: 85,intensity: 255
LED: 3,steps: 85,intensity: 255
LED: 4,steps: 85,intensity: 170
LED: 5,steps: 85,intensity: 244
LED: 6,steps: 85,intensity: 255
LED: 7,steps: 85,intensity: 255
LED: 8,steps: 85,intensity: 255
LED: 0,steps: 86,intensity: 255
LED: 1,steps: 86,intensity: 255
LED: 2,steps: 86,intensity: 255
LED: 3,steps: 86,intensity: 255
LED: 4,steps: 86,intensity: 169
LED: 5,steps: 86,intensity: 244
LED: 6,steps: 86,intensity: 255
LED: 7,steps: 86,intensity: 255
LED: 8,steps: 86,intensity: 255
LED: 0,steps: 87,intensity: 255
LED: 1,steps: 87,intensity: 255
LED: 2,steps: 87,intensity: 255
LED: 3,steps: 87,intensity: 255
LED: 4,steps: 87,intensity: 168
LED: 5,steps: 87,intensity: 244
LED: 6,steps: 87,intensity: 255
LED: 7,steps: 87,intensity: 255
LED: 8,steps: 87,intensity: 255
LED: 0,steps: 88,intensity: 255
LED: 1,steps: 88,intensity: 255
LED: 2,steps: 88,intensity: 255
LED: 3,steps: 88,intensity: 255
LED: 4,steps: 88,intensity: 167
LED: 5,steps: 88,intensity: 244
LED: 6,steps: 88,intensity: 255
LED: 7,steps: 88,intensity: 255
LED: 8,steps: 88,intensity: 255
LED: 0,steps: 89,intensity: 255
LED: 1,steps: 89,intensity: 255
LED: 2,steps: 89,intensity: 255
LED: 3,steps: 89,intensity: 255
LED: 4,steps: 89,intensity: 166
LED: 5,steps: 89,intensity: 244
LED: 6,steps: 89,intensity: 255
LED: 7,steps: 89,intensity: 255
LED: 8,steps: 89,intensity: 255
LED: 0,steps: 90,intensity: 255
LED: 1,steps: 90,intensity: 255
LED: 2,steps: 90,intensity: 255
LED: 3,steps: 90,intensity: 255
LED: 4,steps: 90,intensity: 165
LED: 5,steps: 90,intensity: 244
LED: 6,steps: 90,intensity: 255
LED: 7,steps: 90,intensity: 255
LED: 8,steps: 90,intensity: 255
LED: 0,steps: 91,intensity: 255
LED: 1,steps: 91,intensity: 255
LED: 2,steps: 91,intensity: 255
LED: 3,steps: 91,intensity: 255
LED: 4,steps: 91,intensity: 164
LED: 5,steps: 91,intensity: 244
LED: 6,steps: 91,intensity: 255
LED: 7,steps: 91,intensity: 255
LED: 8,steps: 91,intensity: 255
LED: 0,steps: 92,intensity: 255
LED: 1,steps: 92,intensity: 255
LED: 2,steps: 92,intensity: 255
LED: 3,steps: 92,intensity: 255
LED: 4,steps: 92,intensity: 163
LED: 5,steps: 92,intensity: 244
LED: 6,steps: 92,intensity: 255
LED: 7,steps: 92,intensity: 255
LED: 8,steps: 92,intensity: 255
LED: 0,steps: 93,intensity: 255
LED: 1,steps: 93,intensity: 255
LED: 2,steps: 93,intensity: 255
LED: 3,steps: 93,intensity: 255
LED: 4,steps: 93,intensity: 162
LED: 5,steps: 93,intensity: 244
LED: 6,steps: 93,intensity: 255
LED: 7,steps: 93,intensity: 255
LED: 8,steps: 93,intensity: 255
LED: 0,steps: 94,intensity: 255
LED: 1,steps: 94,intensity: 255
LED: 2,steps: 94,intensity: 255
LED: 3,steps: 94,intensity: 255
LED: 4,steps: 94,intensity: 161
LED: 5,steps: 94,intensity: 244
LED: 6,steps: 94,intensity: 255
LED: 7,steps: 94,intensity: 255
LED: 8,steps: 94,intensity: 255
LED: 0,steps: 95,intensity: 255
LED: 1,steps: 95,intensity: 255
LED: 2,steps: 95,intensity: 255
LED: 3,steps: 95,intensity: 255
LED: 4,steps: 95,intensity: 160
LED: 5,steps: 95,intensity: 244
LED: 6,steps: 95,intensity: 255
LED: 7,steps: 95,intensity: 255
LED: 8,steps: 95,intensity: 255
LED: 0,steps: 96,intensity: 255
LED: 1,steps: 96,intensity: 255
LED: 2,steps: 96,intensity: 255
LED: 3,steps: 96,intensity: 255
LED: 4,steps: 96,intensity: 159
LED: 5,steps: 96,intensity: 244
LED: 6,steps: 96,intensity: 255
LED: 7,steps: 96,intensity: 255
LED: 8,steps: 96,intensity: 255
LED: 0,steps: 97,intensity: 255
LED: 1,steps: 97,intensity: 255
LED: 2,steps: 97,intensity: 255
LED: 3,steps: 97,intensity: 255
LED: 4,steps: 97,intensity: 158
LED: 5,steps: 97,intensity: 244
LED: 6,steps: 97,intensity: 255
LED: 7,steps: 97,intensity: 255
LED: 8,steps: 97,intensity: 255
LED: 0,steps: 98,intensity: 255
LED: 1,steps: 98,intensity: 255
LED: 2,steps: 98,intensity: 255
LED: 3,steps: 98,intensity: 255
LED: 4,steps: 98,intensity: 157
LED: 5,steps: 98,intensity: 244
LED: 6,steps: 98,intensity: 255
LED: 7,steps: 98,intensity: 255
LED: 8,steps: 98,intensity: 255
LED: 0,steps: 99,intensity: 255
LED: 1,steps: 99,intensity: 255
LED: 2,steps: 99,intensity: 255
LED: 3,steps: 99,intensity: 255
LED: 4,steps: 99,intensity: 156
LED: 5,steps: 99,intensity: 244
LED: 6,steps: 99,intensity: 255
LED: 7,steps: 99,intensity: 255
LED: 8,steps: 99,intensity: 255
LED: 0,steps: 100,intensity: 255
LED: 1,steps: 100,intensity: 255
LED: 2,steps: 100,intensity: 255
LED: 3,steps: 100,intensity: 255
LED: 4,steps: 100,intensity: 155
LED: 5,steps: 100,intensity: 244
LED: 6,steps: 100,intensity: 255
LED: 7,steps: 100,intensity: 255
LED: 8,steps: 100,intensity: 255
LED: 0,steps: 101,intensity: 255
LED: 1,steps: 101,intensity: 255
LED: 2,steps: 101,intensity: 255
LED: 3,steps: 101,intensity: 255
LED: 4,steps: 101,intensity: 154
LED: 5,steps: 101,intensity: 244
LED: 6,steps: 101,intensity: 255
LED: 7,steps: 101,intensity: 255
LED: 8,steps: 101,intensity: 255
LED: 0,steps: 102,intensity: 255
LED: 1,steps: 102,intensity: 255
LED: 2,steps: 102,intensity: 255
LED: 3,steps: 102,intensity: 255
LED: 4,steps: 102,intensity: 153
LED: 5,steps: 102,intensity: 244
LED: 6,steps: 102,intensity: 255
LED: 7,steps: 102,intensity: 255
LED: 8,steps: 102,intensity: 255
LED: 0,steps: 103,intensity: 255
LED: 1,steps: 103,intensity: 255
LED: 2,steps: 103,intensity: 255
LED: 3,steps: 103,intensity: 255
LED: 4,steps: 103,intensity: 152
LED: 5,steps: 103,intensity: 244
LED: 6,steps: 103,intensity: 255
LED: 7,steps: 103,intensity: 255
LED: 8,steps: 103,intensity: 255
LED: 0,steps: 104,intensity: 255
LED: 1,steps: 104,intensity: 255
LED: 2,steps: 104,intensity: 255
LED: 3,steps: 104,intensity: 255
LED: 4,steps: 104,intensity: 151
LED: 5,steps: 104,intensity: 244
LED: 6,steps: 104,intensity: 255
LED: 7,steps: 104,intensity: 255
LED: 8,steps: 104,intensity: 255
LED: 0,steps: 105,intensity: 255
LED: 1,steps: 105,intensity: 255
LED: 2,steps: 105,intensity: 255
LED: 3,steps: 105,intensity: 255
LED: 4,steps: 105,intensity: 150
LED: 5,steps: 105,intensity: 244
LED: 6,steps: 105,intensity: 255
LED: 7,steps: 105,intensity: 255
LED: 8,steps: 105,intensity: 255
LED: 0,steps: 106,intensity: 255
LED: 1,steps: 106,intensity: 255
LED: 2,steps: 106,intensity: 255
LED: 3,steps: 106,intensity: 255
LED: 4,steps: 106,intensity: 149
LED: 5,steps: 106,intensity: 244
LED: 6,steps: 106,intensity: 255
LED: 7,steps: 106,intensity: 255
LED: 8,steps: 106,intensity: 255
LED: 0,steps: 107,intensity: 255
LED: 1,steps: 107,intensity: 255
LED: 2,steps: 107,intensity: 255
LED: 3,steps: 107,intensity: 255
LED: 4,steps: 107,intensity: 148
LED: 5,steps: 107,intensity: 244
LED: 6,steps: 107,intensity: 255
LED: 7,steps: 107,intensity: 255
LED: 8,steps: 107,intensity: 255
LED: 0,steps: 108,intensity: 255
LED: 1,steps: 108,intensity: 255
LED: 2,steps: 108,intensity: 255
LED: 3,steps: 108,intensity: 255
LED: 4,steps: 108,intensity: 147
LED: 5,steps: 108,intensity: 244
LED: 6,steps: 108,intensity: 255
LED: 7,steps: 108,intensity: 255
LED: 8,steps: 108,intensity: 255
LED: 0,steps: 109,intensity: 255
LED: 1,steps: 109,intensity: 255
LED: 2,steps: 109,intensity: 255
LED: 3,steps: 109,intensity: 255
LED: 4,steps: 109,intensity: 146
LED: 5,steps: 109,intensity: 244
LED: 6,steps: 109,intensity: 255
LED: 7,steps: 109,intensity: 255
LED: 8,steps: 109,intensity: 255
LED: 0,steps: 110,intensity: 255
LED: 1,steps: 110,intensity: 255
LED: 2,steps: 110,intensity: 255
LED: 3,steps: 110,intensity: 255
LED: 4,steps: 110,intensity: 145
LED: 5,steps: 110,intensity: 244
LED: 6,steps: 110,intensity: 255
LED: 7,steps: 110,intensity: 255
LED: 8,steps: 110,intensity: 255
LED: 0,steps: 111,intensity: 255
LED: 1,steps: 111,intensity: 255
LED: 2,steps: 111,intensity: 255
LED: 3,steps: 111,intensity: 255
LED: 4,steps: 111,intensity: 144
LED: 5,steps: 111,intensity: 244
LED: 6,steps: 111,intensity: 255
LED: 7,steps: 111,intensity: 255
LED: 8,steps: 111,intensity: 255
LED: 0,steps: 112,intensity: 255
LED: 1,steps: 112,intensity: 255
LED: 2,steps: 112,intensity: 255
LED: 3,steps: 112,intensity: 255
LED: 4,steps: 112,intensity: 143
LED: 5,steps: 112,intensity: 244
LED: 6,steps: 112,intensity: 255
LED: 7,steps: 112,intensity: 255
LED: 8,steps: 112,intensity: 255
LED: 0,steps: 113,intensity: 255
LED: 1,steps: 113,intensity: 255
LED: 2,steps: 113,intensity: 255
LED: 3,steps: 113,intensity: 255
LED: 4,steps: 113,intensity: 142
LED: 5,steps: 113,intensity: 244
LED: 6,steps: 113,intensity: 255
LED: 7,steps: 113,intensity: 255
LED: 8,steps: 113,intensity: 255
LED: 0,steps: 114,intensity: 255
LED: 1,steps: 114,intensity: 255
LED: 2,steps: 114,intensity: 255
LED: 3,steps: 114,intensity: 255
LED: 4,steps: 114,intensity: 141
LED: 5,steps: 114,intensity: 244
LED: 6,steps: 114,intensity: 255
LED: 7,steps: 114,intensity: 255
LED: 8,steps: 114,intensity: 255
LED: 0,steps: 115,intensity: 255
LED: 1,steps: 115,intensity: 255
LED: 2,steps: 115,intensity: 255
LED: 3,steps: 115,intensity: 255
LED: 4,steps: 115,intensity: 140
LED: 5,steps: 115,intensity: 244
LED: 6,steps: 115,intensity: 255
LED: 7,steps: 115,intensity: 255
LED: 8,steps: 115,intensity: 255
LED: 0,steps: 116,intensity: 255
LED: 1,steps: 116,intensity: 255
LED: 2,steps: 116,intensity: 255
LED: 3,steps: 116,intensity: 255
LED: 4,steps: 116,intensity: 139
LED: 5,steps: 116,intensity: 244
LED: 6,steps: 116,intensity: 255
LED: 7,steps: 116,intensity: 255
LED: 8,steps: 116,intensity: 255
LED: 0,steps: 117,intensity: 255
LED: 1,steps: 117,intensity: 255
LED: 2,steps: 117,intensity: 255
LED: 3,steps: 117,intensity: 255
LED: 4,steps: 117,intensity: 138
LED: 5,steps: 117,intensity: 244
LED: 6,steps: 117,intensity: 255
LED: 7,steps: 117,intensity: 255
LED: 8,steps: 117,intensity: 255
LED: 0,steps: 118,intensity: 255
LED: 1,steps: 118,intensity: 255
LED: 2,steps: 118,intensity: 255
LED: 3,steps: 118,intensity: 255
LED: 4,steps: 118,intensity: 137
LED: 5,steps: 118,intensity: 244
LED: 6,steps: 118,intensity: 255
LED: 7,steps: 118,intensity: 255
LED: 8,steps: 118,intensity: 255
LED: 0,steps: 119,intensity: 255
LED: 1,steps: 119,intensity: 255
LED: 2,steps: 119,intensity: 255
LED: 3,steps: 119,intensity: 255
LED: 4,steps: 119,intensity: 136
LED: 5,steps: 119,intensity: 244
LED: 6,steps: 119,intensity: 255
LED: 7,steps: 119,intensity: 255
LED: 8,steps: 119,intensity: 255
LED: 0,steps: 120,intensity: 255
LED: 1,steps: 120,intensity: 255
LED: 2,steps: 120,intensity: 255
LED: 3,steps: 120,intensity: 255
LED: 4,steps: 120,intensity: 135
LED: 5,steps: 120,intensity: 244
LED: 6,steps: 120,intensity: 255
LED: 7,steps: 120,intensity: 255
LED: 8,steps: 120,intensity: 255
LED: 0,steps: 121,intensity: 255
LED: 1,steps: 121,intensity: 255
LED: 2,steps: 121,intensity: 255
LED: 3,steps: 121,intensity: 255
LED: 4,steps: 121,intensity: 134
LED: 5,steps: 121,intensity: 244
LED: 6,steps: 121,intensity: 255
LED: 7,steps: 121,intensity: 255
LED: 8,steps: 121,intensity: 255
LED: 0,steps: 122,intensity: 255
LED: 1,steps: 122,intensity: 255
LED: 2,steps: 122,intensity: 255
LED: 3,steps: 122,intensity: 255
LED: 4,steps: 122,intensity: 133
LED: 5,steps: 122,intensity: 244
LED: 6,steps: 122,intensity: 255
LED: 7,steps: 122,intensity: 255
LED: 8,steps: 122,intensity: 255
LED: 0,steps: 123,intensity: 255
LED: 1,steps: 123,intensity: 255
LED: 2,steps: 123,intensity: 255
LED: 3,steps: 123,intensity: 255
LED: 4,steps: 123,intensity: 132
LED: 5,steps: 123,intensity: 244
LED: 6,steps: 123,intensity: 255
LED: 7,steps: 123,intensity: 255
LED: 8,steps: 123,intensity: 255
LED: 0,steps: 124,intensity: 255
LED: 1,steps: 124,intensity: 255
LED: 2,steps: 124,intensity: 255
LED: 3,steps: 124,intensity: 255
LED: 4,steps: 124,intensity: 131
LED: 5,steps: 124,intensity: 244
LED: 6,steps: 124,intensity: 255
LED: 7,steps: 124,intensity: 255
LED: 8,steps: 124,intensity: 255
LED: 0,steps: 125,intensity: 255
LED: 1,steps: 125,intensity: 255
LED: 2,steps: 125,intensity: 255
LED: 3,steps: 125,intensity: 255
LED: 4,steps: 125,intensity: 130
LED: 5,steps: 125,intensity: 244
LED: 6,steps: 125,intensity: 255
LED: 7,steps: 125,intensity: 255
LED: 8,steps: 125,intensity: 255
LED: 0,steps: 126,intensity: 255
LED: 1,steps: 126,intensity: 255
LED: 2,steps: 126,intensity: 255
LED: 3,steps: 126,intensity: 255
LED: 4,steps: 126,intensity: 129
LED: 5,steps: 126,intensity: 244
LED: 6,steps: 126,intensity: 255
LED: 7,steps: 126,intensity: 255
LED: 8,steps: 126,intensity: 255
LED: 0,steps: 127,intensity: 255
LED: 1,steps: 127,intensity: 255
LED: 2,steps: 127,intensity: 255
LED: 3,steps: 127,intensity: 255
LED: 4,steps: 127,intensity: 128
LED: 5,steps: 127,intensity: 244
LED: 6,steps: 127,intensity: 255
LED: 7,steps: 127,intensity: 255
LED: 8,steps: 127,intensity: 255
LED: 0,steps: 128,intensity: 255
LED: 1,steps: 128,intensity: 255
LED: 2,steps: 128,intensity: 255
LED: 3,steps: 128,intensity: 255
LED: 4,steps: 128,intensity: 127
LED: 5,steps: 128,intensity: 244
LED: 6,steps: 128,intensity: 255
LED: 7,steps: 128,intensity: 255
LED: 8,steps: 128,intensity: 255
LED: 0,steps: 129,intensity: 255
LED: 1,steps: 129,intensity: 255
LED: 2,steps: 129,intensity: 255
LED: 3,steps: 129,intensity: 255
LED: 4,steps: 129,intensity: 126
LED: 5,steps: 129,intensity: 244
LED: 6,steps: 129,intensity: 255
LED: 7,steps: 129,intensity: 255
LED: 8,steps: 129,intensity: 255
LED: 0,steps: 130,intensity: 255
LED: 1,steps: 130,intensity: 255
LED: 2,steps: 130,intensity: 255
LED: 3,steps: 130,intensity: 255
LED: 4,steps: 130,intensity: 125
LED: 5,steps: 130,intensity: 244
LED: 6,steps: 130,intensity: 255
LED: 7,steps: 130,intensity: 255
LED: 8,steps: 130,intensity: 255
LED: 0,steps: 131,intensity: 255
LED: 1,steps: 131,intensity: 255
LED: 2,steps: 131,intensity: 255
LED: 3,steps: 131,intensity: 255
LED: 4,steps: 131,intensity: 124
LED: 5,steps: 131,intensity: 244
LED: 6,steps: 131,intensity: 255
LED: 7,steps: 131,intensity: 255
LED: 8,steps: 131,intensity: 255
LED: 0,steps: 132,intensity: 255
LED: 1,steps: 132,intensity: 255
LED: 2,steps: 132,intensity: 255
LED: 3,steps: 132,intensity: 255
LED: 4,steps: 132,intensity: 123
LED: 5,steps: 132,intensity: 244
LED: 6,steps: 132,intensity: 255
LED: 7,steps: 132,intensity: 255
LED: 8,steps: 132,intensity: 255
LED: 0,steps: 133,intensity: 255
LED: 1,steps: 133,intensity: 255
LED: 2,steps: 133,intensity: 255
LED: 3,steps: 133,intensity: 255
LED: 4,steps: 133,intensity: 122
LED: 5,steps: 133,intensity: 244
LED: 6,steps: 133,intensity: 255
LED: 7,steps: 133,intensity: 255
LED: 8,steps: 133,intensity: 255
LED: 0,steps: 134,intensity: 255
LED: 1,steps: 134,intensity: 255
LED: 2,steps: 134,intensity: 255
LED: 3,steps: 134,intensity: 255
LED: 4,steps: 134,intensity: 121
LED: 5,steps: 134,intensity: 244
LED: 6,steps: 134,intensity: 255
LED: 7,steps: 134,intensity: 255
LED: 8,steps: 134,intensity: 255
LED: 0,steps: 135,intensity: 255
LED: 1,steps: 135,intensity: 255
LED: 2,steps: 135,intensity: 255
LED: 3,steps: 135,intensity: 255
LED: 4,steps: 135,intensity: 120
LED: 5,steps: 135,intensity: 244
LED: 6,steps: 135,intensity: 255
LED: 7,steps: 135,intensity: 255
LED: 8,steps: 135,intensity: 255
LED: 0,steps: 136,intensity: 255
LED: 1,steps: 136,intensity: 255
LED: 2,steps: 136,intensity: 255
LED: 3,steps: 136,intensity: 255
LED: 4,steps: 136,intensity: 119
LED: 5,steps: 136,intensity: 244
LED: 6,steps: 136,intensity: 255
LED: 7,steps: 136,intensity: 255
LED: 8,steps: 136,intensity: 255
LED: 0,steps: 137,intensity: 255
LED: 1,steps: 137,intensity: 255
LED: 2,steps: 137,intensity: 255
LED: 3,steps: 137,intensity: 255
LED: 4,steps: 137,intensity: 118
LED: 5,steps: 137,intensity: 244
LED: 6,steps: 137,intensity: 255
LED: 7,steps: 137,intensity: 255
LED: 8,steps: 137,intensity: 255
LED: 0,steps: 138,intensity: 255
LED: 1,steps: 138,intensity: 255
LED: 2,steps: 138,intensity: 255
LED: 3,steps: 138,intensity: 255
LED: 4,steps: 138,intensity: 117
LED: 5,steps: 138,intensity: 244
LED: 6,steps: 138,intensity: 255
LED: 7,steps: 138,intensity: 255
LED: 8,steps: 138,intensity: 255
LED: 0,steps: 139,intensity: 255
LED: 1,steps: 139,intensity: 255
LED: 2,steps: 139,intensity: 255
LED: 3,steps: 139,intensity: 255
LED: 4,steps: 139,intensity: 116
LED: 5,steps: 139,intensity: 244
LED: 6,steps: 139,intensity: 255
LED: 7,steps: 139,intensity: 255
LED: 8,steps: 139,intensity: 255
LED: 0,steps: 140,intensity: 255
LED: 1,steps: 140,intensity: 255
LED: 2,steps: 140,intensity: 255
LED: 3,steps: 140,intensity: 255
LED: 4,steps: 140,intensity: 115
LED: 5,steps: 140,intensity: 244
LED: 6,steps: 140,intensity: 255
LED: 7,steps: 140,intensity: 255
LED: 8,steps: 140,intensity: 255
LED: 0,steps: 141,intensity: 255
LED: 1,steps: 141,intensity: 255
LED: 2,steps: 141,intensity: 255
LED: 3,steps: 141,intensity: 255
LED: 4,steps: 141,intensity: 114
LED: 5,steps: 141,intensity: 244
LED: 6,steps: 141,intensity: 255
LED: 7,steps: 141,intensity: 255
LED: 8,steps: 141,intensity: 255
LED: 0,steps: 142,intensity: 255
LED: 1,steps: 142,intensity: 255
LED: 2,steps: 142,intensity: 255
LED: 3,steps: 142,intensity: 255
LED: 4,steps: 142,intensity: 113
LED: 5,steps: 142,intensity: 244
LED: 6,steps: 142,intensity: 255
LED: 7,steps: 142,intensity: 255
LED: 8,steps: 142,intensity: 255
LED: 0,steps: 143,intensity: 255
LED: 1,steps: 143,intensity: 255
LED: 2,steps: 143,intensity: 255
LED: 3,steps: 143,intensity: 255
LED: 4,steps: 143,intensity: 112
LED: 5,steps: 143,intensity: 244
LED: 6,steps: 143,intensity: 255
LED: 7,steps: 143,intensity: 255
LED: 8,steps: 143,intensity: 255
LED: 0,steps: 144,intensity: 255
LED: 1,steps: 144,intensity: 255
LED: 2,steps: 144,intensity: 255
LED: 3,steps: 144,intensity: 255
LED: 4,steps: 144,intensity: 111
LED: 5,steps: 144,intensity: 244
LED: 6,steps: 144,intensity: 255
LED: 7,steps: 144,intensity: 255
LED: 8,steps: 144,intensity: 255
LED: 0,steps: 145,intensity: 255
LED: 1,steps: 145,intensity: 255
LED: 2,steps: 145,intensity: 255
LED: 3,steps: 145,intensity: 255
LED: 4,steps: 145,intensity: 110
LED: 5,steps: 145,intensity: 244
LED: 6,steps: 145,intensity: 255
LED: 7,steps: 145,intensity: 255
LED: 8,steps: 145,intensity: 255
LED: 0,steps: 146,intensity: 255
LED: 1,steps: 146,intensity: 255
LED: 2,steps: 146,intensity: 255
LED: 3,steps: 146,intensity: 255
LED: 4,steps: 146,intensity: 109
LED: 5,steps: 146,intensity: 244
LED: 6,steps: 146,intensity: 255
LED: 7,steps: 146,intensity: 255
LED: 8,steps: 146,intensity: 255
LED: 0,steps: 147,intensity: 255
LED: 1,steps: 147,intensity: 255
LED: 2,steps: 147,intensity: 255
LED: 3,steps: 147,intensity: 255
LED: 4,steps: 147,intensity: 108
LED: 5,steps: 147,intensity: 244
LED: 6,steps: 147,intensity: 255
LED: 7,steps: 147,intensity: 255
LED: 8,steps: 147,intensity: 255
LED: 0,steps: 148,intensity: 255
LED: 1,steps: 148,intensity: 255
LED: 2,steps: 148,intensity: 255
LED: 3,steps: 148,intensity: 255
LED: 4,steps: 148,intensity: 107
LED: 5,steps: 148,intensity: 244
LED: 6,steps: 148,intensity: 255
LED: 7,steps: 148,intensity: 255
LED: 8,steps: 148,intensity: 255
LED: 0,steps: 149,intensity: 255
LED: 1,steps: 149,intensity: 255
LED: 2,steps: 149,intensity: 255
LED: 3,steps: 149,intensity: 255
LED: 4,steps: 149,intensity: 106
LED: 5,steps: 149,intensity: 244
LED: 6,steps: 149,intensity: 255
LED: 7,steps: 149,intensity: 255
LED: 8,steps: 149,intensity: 255
LED: 0,steps: 150,intensity: 255
LED: 1,steps: 150,intensity: 255
LED: 2,steps: 150,intensity: 255
LED: 3,steps: 150,intensity: 255
LED: 4,steps: 150,intensity: 105
LED: 5,steps: 150,intensity: 244
LED: 6,steps: 150,intensity: 255
LED: 7,steps: 150,intensity: 255
LED: 8,steps: 150,intensity: 255
LED: 0,steps: 151,intensity: 255
LED: 1,steps: 151,intensity: 255
LED: 2,steps: 151,intensity: 255
LED: 3,steps: 151,intensity: 255
LED: 4,steps: 151,intensity: 104
LED: 5,steps: 151,intensity: 244
LED: 6,steps: 151,intensity: 255
LED: 7,steps: 151,intensity: 255
LED: 8,steps: 151,intensity: 255
LED: 0,steps: 152,intensity: 255
LED: 1,steps: 152,intensity: 255
LED: 2,steps: 152,intensity: 255
LED: 3,steps: 152,intensity: 255
LED: 4,steps: 152,intensity: 103
LED: 5,steps: 152,intensity: 244
LED: 6,steps: 152,intensity: 255
LED: 7,steps: 152,intensity: 255
LED: 8,steps: 152,intensity: 255
LED: 0,steps: 153,intensity: 255
LED: 1,steps: 153,intensity: 255
LED: 2,steps: 153,intensity: 255
LED: 3,steps: 153,intensity: 255
LED: 4,steps: 153,intensity: 102
LED: 5,steps: 153,intensity: 244
LED: 6,steps: 153,intensity: 255
LED: 7,steps: 153,intensity: 255
LED: 8,steps: 153,intensity: 255
LED: 0,steps: 154,intensity: 255
LED: 1,steps: 154,intensity: 255
LED: 2,steps: 154,intensity: 255
LED: 3,steps: 154,intensity: 255
LED: 4,steps: 154,intensity: 101
LED: 5,steps: 154,intensity: 244
LED: 6,steps: 154,intensity: 255
LED: 7,steps: 154,intensity: 255
LED: 8,steps: 154,intensity: 255
LED: 0,steps: 155,intensity: 255
LED: 1,steps: 155,intensity: 255
LED: 2,steps: 155,intensity: 255
LED: 3,steps: 155,intensity: 255
LED: 4,steps: 155,intensity: 100
LED: 5,steps: 155,intensity: 244
LED: 6,steps: 155,intensity: 255
LED: 7,steps: 155,intensity: 255
LED: 8,steps: 155,intensity: 255
LED: 0,steps: 156,intensity: 255
LED: 1,steps: 156,intensity: 255
LED: 2,steps: 156,intensity: 255
LED: 3,steps: 156,intensity: 255
LED: 4,steps: 156,intensity: 99
LED: 5,steps: 156,intensity: 244
LED: 6,steps: 156,intensity: 255
LED: 7,steps: 156,intensity: 255
LED: 8,steps: 156,intensity: 255
LED: 0,steps: 157,intensity: 255
LED: 1,steps: 157,intensity: 255
LED: 2,steps: 157,intensity: 255
LED: 3,steps: 157,intensity: 255
LED: 4,steps: 157,intensity: 98
LED: 5,steps: 157,intensity: 244
LED: 6,steps: 157,intensity: 255
LED: 7,steps: 157,intensity: 255
LED: 8,steps: 157,intensity: 255
LED: 0,steps: 158,intensity: 255
LED: 1,steps: 158,intensity: 255
LED: 2,steps: 158,intensity: 255
LED: 3,steps: 158,intensity: 255
LED: 4,steps: 158,intensity: 97
LED: 5,steps: 158,intensity: 244
LED: 6,steps: 158,intensity: 255
LED: 7,steps: 158,intensity: 255
LED: 8,steps: 158,intensity: 255
LED: 0,steps: 159,intensity: 255
LED: 1,steps: 159,intensity: 255
LED: 2,steps: 159,intensity: 255
LED: 3,steps: 159,intensity: 255
LED: 4,steps: 159,intensity: 96
LED: 5,steps: 159,intensity: 244
LED: 6,steps: 159,intensity: 255
LED: 7,steps: 159,intensity: 255
LED: 8,steps: 159,intensity: 255
LED: 0,steps: 160,intensity: 255
LED: 1,steps: 160,intensity: 255
LED: 2,steps: 160,intensity: 255
LED: 3,steps: 160,intensity: 255
LED: 4,steps: 160,intensity: 95
LED: 5,steps: 160,intensity: 244
LED: 6,steps: 160,intensity: 255
LED: 7,steps: 160,intensity: 255
LED: 8,steps: 160,intensity: 255
LED: 0,steps: 161,intensity: 255
LED: 1,steps: 161,intensity: 255
LED: 2,steps: 161,intensity: 255
LED: 3,steps: 161,intensity: 255
LED: 4,steps: 161,intensity: 94
LED: 5,steps: 161,intensity: 244
LED: 6,steps: 161,intensity: 255
LED: 7,steps: 161,intensity: 255
LED: 8,steps: 161,intensity: 255
LED: 0,steps: 162,intensity: 255
LED: 1,steps: 162,intensity: 255
LED: 2,steps: 162,intensity: 255
LED: 3,steps: 162,intensity: 255
LED: 4,steps: 162,intensity: 93
LED: 5,steps: 162,intensity: 244
LED: 6,steps: 162,intensity: 255
LED: 7,steps: 162,intensity: 255
LED: 8,steps: 162,intensity: 255
LED: 0,steps: 163,intensity: 255
LED: 1,steps: 163,intensity: 255
LED: 2,steps: 163,intensity: 255
LED: 3,steps: 163,intensity: 255
LED: 4,steps: 163,intensity: 92
LED: 5,steps: 163,intensity: 244
LED: 6,steps: 163,intensity: 255
LED: 7,steps: 163,intensity: 255
LED: 8,steps: 163,intensity: 255
LED: 0,steps: 164,intensity: 255
LED: 1,steps: 164,intensity: 255
LED: 2,steps: 164,intensity: 255
LED: 3,steps: 164,intensity: 255
LED: 4,steps: 164,intensity: 91
LED: 5,steps: 164,intensity: 244
LED: 6,steps: 164,intensity: 255
LED: 7,steps: 164,intensity: 255
LED: 8,steps: 164,intensity: 255
LED: 0,steps: 165,intensity: 255
LED: 1,steps: 165,intensity: 255
LED: 2,steps: 165,intensity: 255
LED: 3,steps: 165,intensity: 255
LED: 4,steps: 165,intensity: 90
LED: 5,steps: 165,intensity: 244
LED: 6,steps: 165,intensity: 255
LED: 7,steps: 165,intensity: 255
LED: 8,steps: 165,intensity: 255
LED: 0,steps: 166,intensity: 255
LED: 1,steps: 166,intensity: 255
LED: 2,steps: 166,intensity: 255
LED: 3,steps: 166,intensity: 255
LED: 4,steps: 166,intensity: 89
LED: 5,steps: 166,intensity: 244
LED: 6,steps: 166,intensity: 255
LED: 7,steps: 166,intensity: 255
LED: 8,steps: 166,intensity: 255
LED: 0,steps: 167,intensity: 255
LED: 1,steps: 167,intensity: 255
LED: 2,steps: 167,intensity: 255
LED: 3,steps: 167,intensity: 255
LED: 4,steps: 167,intensity: 88
LED: 5,steps: 167,intensity: 244
LED: 6,steps: 167,intensity: 255
LED: 7,steps: 167,intensity: 255
LED: 8,steps: 167,intensity: 255
LED: 0,steps: 168,intensity: 255
LED: 1,steps: 168,intensity: 255
LED: 2,steps: 168,intensity: 255
LED: 3,steps: 168,intensity: 255
LED: 4,steps: 168,intensity: 87
LED: 5,steps: 168,intensity: 244
LED: 6,steps: 168,intensity: 255
LED: 7,steps: 168,intensity: 255
LED: 8,steps: 168,intensity: 255
LED: 0,steps: 169,intensity: 255
LED: 1,steps: 169,intensity: 255
LED: 2,steps: 169,intensity: 255
LED: 3,steps: 169,intensity: 255
LED: 4,steps: 169,intensity: 86
LED: 5,steps: 169,intensity: 244
LED: 6,steps: 169,intensity: 255
LED: 7,steps: 169,intensity: 255
LED: 8,steps: 169,intensity: 255
LED: 0,steps: 170,intensity: 255
LED: 1,steps: 170,intensity: 255
LED: 2,steps: 170,intensity: 255
LED: 3,steps: 170,intensity: 255
LED: 4,steps: 170,intensity: 85
LED: 5,steps: 170,intensity: 244
LED: 6,steps: 170,intensity: 255
LED: 7,steps: 170,intensity: 255
LED: 8,steps: 170,intensity: 255
LED: 0,steps: 171,intensity: 255
LED: 1,steps: 171,intensity: 255
LED: 2,steps: 171,intensity: 255
LED: 3,steps: 171,intensity: 255
LED: 4,steps: 171,intensity: 84
LED: 5,steps: 171,intensity: 244
LED: 6,steps: 171,intensity: 255
LED: 7,steps: 171,intensity: 255
LED: 8,steps: 171,intensity: 255
LED: 0,steps: 172,intensity: 255
LED: 1,steps: 172,intensity: 255
LED: 2,steps: 172,intensity: 255
LED: 3,steps: 172,intensity: 255
LED: 4,steps: 172,intensity: 83
LED: 5,steps: 172,intensity: 244
LED: 6,steps: 172,intensity: 255
LED: 7,steps: 172,intensity: 255
LED: 8,steps: 172,intensity: 255
LED: 0,steps: 173,intensity: 255
LED: 1,steps: 173,intensity: 255
LED: 2,steps: 173,intensity: 255
LED: 3,steps: 173,intensity: 255
LED: 4,steps: 173,intensity: 82
LED: 5,steps: 173,intensity: 244
LED: 6,steps: 173,intensity: 255
LED: 7,steps: 173,intensity: 255
LED: 8,steps: 173,intensity: 255
LED: 0,steps: 174,intensity: 255
LED: 1,steps: 174,intensity: 255
LED: 2,steps: 174,intensity: 255
LED: 3,steps: 174,intensity: 255
LED: 4,steps: 174,intensity: 81
LED: 5,steps: 174,intensity: 244
LED: 6,steps: 174,intensity: 255
LED: 7,steps: 174,intensity: 255
LED: 8,steps: 174,intensity: 255
LED: 0,steps: 175,intensity: 255
LED: 1,steps: 175,intensity: 255
LED: 2,steps: 175,intensity: 255
LED: 3,steps: 175,intensity: 255
LED: 4,steps: 175,intensity: 80
LED: 5,steps: 175,intensity: 244
LED: 6,steps: 175,intensity: 255
LED: 7,steps: 175,intensity: 255
LED: 8,steps: 175,intensity: 255
LED: 0,steps: 176,intensity: 255
LED: 1,steps: 176,intensity: 255
LED: 2,steps: 176,intensity: 255
LED: 3,steps: 176,intensity: 255
LED: 4,steps: 176,intensity: 79
LED: 5,steps: 176,intensity: 244
LED: 6,steps: 176,intensity: 255
LED: 7,steps: 176,intensity: 255
LED: 8,steps: 176,intensity: 255
LED: 0,steps: 177,intensity: 255
LED: 1,steps: 177,intensity: 255
LED: 2,steps: 177,intensity: 255
LED: 3,steps: 177,intensity: 255
LED: 4,steps: 177,intensity: 78
LED: 5,steps: 177,intensity: 244
LED: 6,steps: 177,intensity: 255
LED: 7,steps: 177,intensity: 255
LED: 8,steps: 177,intensity: 255
LED: 0,steps: 178,intensity: 255
LED: 1,steps: 178,intensity: 255
LED: 2,steps: 178,intensity: 255
LED: 3,steps: 178,intensity: 255
LED: 4,steps: 178,intensity: 77
LED: 5,steps: 178,intensity: 244
LED: 6,steps: 178,intensity: 255
LED: 7,steps: 178,intensity: 255
LED: 8,steps: 178,intensity: 255
LED: 0,steps: 179,intensity: 255
LED: 1,steps: 179,intensity: 255
LED: 2,steps: 179,intensity: 255
LED: 3,steps: 179,intensity: 255
LED: 4,steps: 179,intensity: 76
LED: 5,steps: 179,intensity: 244
LED: 6,steps: 179,intensity: 255
LED: 7,steps: 179,intensity: 255
LED: 8,steps: 179,intensity: 255
LED: 0,steps: 180,intensity: 255
LED: 1,steps: 180,intensity: 255
LED: 2,steps: 180,intensity: 255
LED: 3,steps: 180,intensity: 255
LED: 4,steps: 180,intensity: 75
LED: 5,steps: 180,intensity: 244
LED: 6,steps: 180,intensity: 255
LED: 7,steps: 180,intensity: 255
LED: 8,steps: 180,intensity: 255
LED: 0,steps: 181,intensity: 255
LED: 1,steps: 181,intensity: 255
LED: 2,steps: 181,intensity: 255
LED: 3,steps: 181,intensity: 255
LED: 4,steps: 181,intensity: 74
LED: 5,steps: 181,intensity: 244
LED: 6,steps: 181,intensity: 255
LED: 7,steps: 181,intensity: 255
LED: 8,steps: 181,intensity: 255
LED: 0,steps: 182,intensity: 255
LED: 1,steps: 182,intensity: 255
LED: 2,steps: 182,intensity: 255
LED: 3,steps: 182,intensity: 255
LED: 4,steps: 182,intensity: 73
LED: 5,steps: 182,intensity: 244
LED: 6,steps: 182,intensity: 255
LED: 7,steps: 182,intensity: 255
LED: 8,steps: 182,intensity: 255
LED: 0,steps: 183,intensity: 255
LED: 1,steps: 183,intensity: 255
LED: 2,steps: 183,intensity: 255
LED: 3,steps: 183,intensity: 255
LED: 4,steps: 183,intensity: 72
LED: 5,steps: 183,intensity: 244
LED: 6,steps: 183,intensity: 255
LED: 7,steps: 183,intensity: 255
LED: 8,steps: 183,intensity: 255
LED: 0,steps: 184,intensity: 255
LED: 1,steps: 184,intensity: 255
LED: 2,steps: 184,intensity: 255
LED: 3,steps: 184,intensity: 255
LED: 4,steps: 184,intensity: 71
LED: 5,steps: 184,intensity: 244
LED: 6,steps: 184,intensity: 255
LED: 7,steps: 184,intensity: 255
LED: 8,steps: 184,intensity: 255
LED: 0,steps: 185,intensity: 255
LED: 1,steps: 185,intensity: 255
LED: 2,steps: 185,intensity: 255
LED: 3,steps: 185,intensity: 255
LED: 4,steps: 185,intensity: 70
LED: 5,steps: 185,intensity: 244
LED: 6,steps: 185,intensity: 255
LED: 7,steps: 185,intensity: 255
LED: 8,steps: 185,intensity: 255
LED: 0,steps: 186,intensity: 255
LED: 1,steps: 186,intensity: 255
LED: 2,steps: 186,intensity: 255
LED: 3,steps: 186,intensity: 255
LED: 4,steps: 186,intensity: 69
LED: 5,steps: 186,intensity: 244
LED: 6,steps: 186,intensity: 255
LED: 7,steps: 186,intensity: 255
LED: 8,steps: 186,intensity: 255
LED: 0,steps: 187,intensity: 255
LED: 1,steps: 187,intensity: 255
LED: 2,steps: 187,intensity: 255
LED: 3,steps: 187,intensity: 255
LED: 4,steps: 187,intensity: 68
LED: 5,steps: 187,intensity: 244
LED: 6,steps: 187,intensity: 255
LED: 7,steps: 187,intensity: 255
LED: 8,steps: 187,intensity: 255
LED: 0,steps: 188,intensity: 255
LED: 1,steps: 188,intensity: 255
LED: 2,steps: 188,intensity: 255
LED: 3,steps: 188,intensity: 255
LED: 4,steps: 188,intensity: 67
LED: 5,steps: 188,intensity: 244
LED: 6,steps: 188,intensity: 255
LED: 7,steps: 188,intensity: 255
LED: 8,steps: 188,intensity: 255
LED: 0,steps: 189,intensity: 255
LED: 1,steps: 189,intensity: 255
LED: 2,steps: 189,intensity: 255
LED: 3,steps: 189,intensity: 255
LED: 4,steps: 189,intensity: 66
LED: 5,steps: 189,intensity: 244
LED: 6,steps: 189,intensity: 255
LED: 7,steps: 189,intensity: 255
LED: 8,steps: 189,intensity: 255
LED: 0,steps: 190,intensity: 255
LED: 1,steps: 190,intensity: 255
LED: 2,steps: 190,intensity: 255
LED: 3,steps: 190,intensity: 255
LED: 4,steps: 190,intensity: 65
LED: 5,steps: 190,intensity: 244
LED: 6,steps: 190,intensity: 255
LED: 7,steps: 190,intensity: 255
LED: 8,steps: 190,intensity: 255
LED: 0,steps: 191,intensity: 255
LED: 1,steps: 191,intensity: 255
LED: 2,steps: 191,intensity: 255
LED: 3,steps: 191,intensity: 255
LED: 4,steps: 191,intensity: 64
LED: 5,steps: 191,intensity: 244
LED: 6,steps: 191,intensity: 255
LED: 7,steps: 191,intensity: 255
LED: 8,steps: 191,intensity: 255
LED: 0,steps: 192,intensity: 255
LED: 1,steps: 192,intensity: 255
LED: 2,steps: 192,intensity: 255
LED: 3,steps: 192,intensity: 255
LED: 4,steps: 192,intensity: 63
LED: 5,steps: 192,intensity: 244
LED: 6,steps: 192,intensity: 255
LED: 7,steps: 192,intensity: 255
LED: 8,steps: 192,intensity: 255
LED: 0,steps: 193,intensity: 255
LED: 1,steps: 193,intensity: 255
LED: 2,steps: 193,intensity: 255
LED: 3,steps: 193,intensity: 255
LED: 4,steps: 193,intensity: 62
LED: 5,steps: 193,intensity: 244
LED: 6,steps: 193,intensity: 255
LED: 7,steps: 193,intensity: 255
LED: 8,steps: 193,intensity: 255
LED: 0,steps: 194,intensity: 255
LED: 1,steps: 194,intensity: 255
LED: 2,steps: 194,intensity: 255
LED: 3,steps: 194,intensity: 255
LED: 4,steps: 194,intensity: 61
LED: 5,steps: 194,intensity: 244
LED: 6,steps: 194,intensity: 255
LED: 7,steps: 194,intensity: 255
LED: 8,steps: 194,intensity: 255
LED: 0,steps: 195,intensity: 255
LED: 1,steps: 195,intensity: 255
LED: 2,steps: 195,intensity: 255
LED: 3,steps: 195,intensity: 255
LED: 4,steps: 195,intensity: 60
LED: 5,steps: 195,intensity: 244
LED: 6,steps: 195,intensity: 255
LED: 7,steps: 195,intensity: 255
LED: 8,steps: 195,intensity: 255
LED: 0,steps: 196,intensity: 255
LED: 1,steps: 196,intensity: 255
LED: 2,steps: 196,intensity: 255
LED: 3,steps: 196,intensity: 255
LED: 4,steps: 196,intensity: 59
LED: 5,steps: 196,intensity: 244
LED: 6,steps: 196,intensity: 255
LED: 7,steps: 196,intensity: 255
LED: 8,steps: 196,intensity: 255
LED: 0,steps: 197,intensity: 255
LED: 1,steps: 197,intensity: 255
LED: 2,steps: 197,intensity: 255
LED: 3,steps: 197,intensity: 255
LED: 4,steps: 197,intensity: 58
LED: 5,steps: 197,intensity: 244
LED: 6,steps: 197,intensity: 255
LED: 7,steps: 197,intensity: 255
LED: 8,steps: 197,intensity: 255
LED: 0,steps: 198,intensity: 255
LED: 1,steps: 198,intensity: 255
LED: 2,steps: 198,intensity: 255
LED: 3,steps: 198,intensity: 255
LED: 4,steps: 198,intensity: 57
LED: 5,steps: 198,intensity: 244
LED: 6,steps: 198,intensity: 255
LED: 7,steps: 198,intensity: 255
LED: 8,steps: 198,intensity: 255
LED: 0,steps: 199,intensity: 255
LED: 1,steps: 199,intensity: 255
LED: 2,steps: 199,intensity: 255
LED: 3,steps: 199,intensity: 255
LED: 4,steps: 199,intensity: 56
LED: 5,steps: 199,intensity: 244
LED: 6,steps: 199,intensity: 255
LED: 7,steps: 199,intensity: 255
LED: 8,steps: 199,intensity: 255
LED: 0,steps: 200,intensity: 255
LED: 1,steps: 200,intensity: 255
LED: 2,steps: 200,intensity: 255
LED: 3,steps: 200,intensity: 255
LED: 4,steps: 200,intensity: 55
LED: 5,steps: 200,intensity: 244
LED: 6,steps: 200,intensity: 255
LED: 7,steps: 200,intensity: 255
LED: 8,steps: 200,intensity: 255
LED: 0,steps: 201,intensity: 255
LED: 1,steps: 201,intensity: 255
LED: 2,steps: 201,intensity: 255
LED: 3,steps: 201,intensity: 255
LED: 4,steps: 201,intensity: 54
LED: 5,steps: 201,intensity: 244
LED: 6,steps: 201,intensity: 255
LED: 7,steps: 201,intensity: 255
LED: 8,steps: 201,intensity: 255
LED: 0,steps: 202,intensity: 255
LED: 1,steps: 202,intensity: 255
LED: 2,steps: 202,intensity: 255
LED: 3,steps: 202,intensity: 255
LED: 4,steps: 202,intensity: 53
LED: 5,steps: 202,intensity: 244
LED: 6,steps: 202,intensity: 255
LED: 7,steps: 202,intensity: 255
LED: 8,steps: 202,intensity: 255
LED: 0,steps: 203,intensity: 255
LED: 1,steps: 203,intensity: 255
LED: 2,steps: 203,intensity: 255
LED: 3,steps: 203,intensity: 255
LED: 4,steps: 203,intensity: 52
LED: 5,steps: 203,intensity: 244
LED: 6,steps: 203,intensity: 255
LED: 7,steps: 203,intensity: 255
LED: 8,steps: 203,intensity: 255
LED: 0,steps: 204,intensity: 255
LED: 1,steps: 204,intensity: 255
LED: 2,steps: 204,intensity: 255
LED: 3,steps: 204,intensity: 255
LED: 4,steps: 204,intensity: 51
LED: 5,steps: 204,intensity: 244
LED: 6,steps: 204,intensity: 255
LED: 7,steps: 204,intensity: 255
LED: 8,steps: 204,intensity: 255
LED: 0,steps: 205,intensity: 255
LED: 1,steps: 205,intensity: 255
LED: 2,steps: 205,intensity: 255
LED: 3,steps: 205,intensity: 255
LED: 4,steps: 205,intensity: 50
LED: 5,steps: 205,intensity: 244
LED: 6,steps: 205,intensity: 255
LED: 7,steps: 205,intensity: 255
LED: 8,steps: 205,intensity: 255
LED: 0,steps: 206,intensity: 255
LED: 1,steps: 206,intensity: 255
LED: 2,steps: 206,intensity: 255
LED: 3,steps: 206,intensity: 255
LED: 4,steps: 206,intensity: 49
LED: 5,steps: 206,intensity: 244
LED: 6,steps: 206,intensity: 255
LED: 7,steps: 206,intensity: 255
LED: 8,steps: 206,intensity: 255
LED: 0,steps: 207,intensity: 255
LED: 1,steps: 207,intensity: 255
LED: 2,steps: 207,intensity: 255
LED: 3,steps: 207,intensity: 255
LED: 4,steps: 207,intensity: 48
LED: 5,steps: 207,intensity: 244
LED: 6,steps: 207,intensity: 255
LED: 7,steps: 207,intensity: 255
LED: 8,steps: 207,intensity: 255
LED: 0,steps: 208,intensity: 255
LED: 1,steps: 208,intensity: 255
LED: 2,steps: 208,intensity: 255
LED: 3,steps: 208,intensity: 255
LED: 4,steps: 208,intensity: 47
LED: 5,steps: 208,intensity: 244
LED: 6,steps: 208,intensity: 255
LED: 7,steps: 208,intensity: 255
LED: 8,steps: 208,intensity: 255
LED: 0,steps: 209,intensity: 255
LED: 1,steps: 209,intensity: 255
LED: 2,steps: 209,intensity: 255
LED: 3,steps: 209,intensity: 255
LED: 4,steps: 209,intensity: 46
LED: 5,steps: 209,intensity: 244
LED: 6,steps: 209,intensity: 255
LED: 7,steps: 209,intensity: 255
LED: 8,steps: 209,intensity: 255
LED: 0,steps: 210,intensity: 255
LED: 1,steps: 210,intensity: 255
LED: 2,steps: 210,intensity: 255
LED: 3,steps: 210,intensity: 255
LED: 4,steps: 210,intensity: 45
LED: 5,steps: 210,intensity: 244
LED: 6,steps: 210,intensity: 255
LED: 7,steps: 210,intensity: 255
LED: 8,steps: 210,intensity: 255
LED: 0,steps: 211,intensity: 255
LED: 1,steps: 211,intensity: 255
LED: 2,steps: 211,intensity: 255
LED: 3,steps: 211,intensity: 255
LED: 4,steps: 211,intensity: 44
LED: 5,steps: 211,intensity: 244
LED: 6,steps: 211,intensity: 255
LED: 7,steps: 211,intensity: 255
LED: 8,steps: 211,intensity: 255
LED: 0,steps: 212,intensity: 255
LED: 1,steps: 212,intensity: 255
LED: 2,steps: 212,intensity: 255
LED: 3,steps: 212,intensity: 255
LED: 4,steps: 212,intensity: 43
LED: 5,steps: 212,intensity: 244
LED: 6,steps: 212,intensity: 255
LED: 7,steps: 212,intensity: 255
LED: 8,steps: 212,intensity: 255
LED: 0,steps: 213,intensity: 255
LED: 1,steps: 213,intensity: 255
LED: 2,steps: 213,intensity: 255
LED: 3,steps: 213,intensity: 255
LED: 4,steps: 213,intensity: 42
LED: 5,steps: 213,intensity: 244
LED: 6,steps: 213,intensity: 255
LED: 7,steps: 213,intensity: 255
LED: 8,steps: 213,intensity: 255
LED: 0,steps: 214,intensity: 255
LED: 1,steps: 214,intensity: 255
LED: 2,steps: 214,intensity: 255
LED: 3,steps: 214,intensity: 255
LED: 4,steps: 214,intensity: 41
LED: 5,steps: 214,intensity: 244
LED: 6,steps: 214,intensity: 255
LED: 7,steps: 214,intensity: 255
LED: 8,steps: 214,intensity: 255
LED: 0,steps: 215,intensity: 255
LED: 1,steps: 215,intensity: 255
LED: 2,steps: 215,intensity: 255
LED: 3,steps: 215,intensity: 255
LED: 4,steps: 215,intensity: 40
LED: 5,steps: 215,intensity: 244
LED: 6,steps: 215,intensity: 255
LED: 7,steps: 215,intensity: 255
LED: 8,steps: 215,intensity: 255
LED: 0,steps: 216,intensity: 255
LED: 1,steps: 216,intensity: 255
LED: 2,steps: 216,intensity: 255
LED: 3,steps: 216,intensity: 255
LED: 4,steps: 216,intensity: 39
LED: 5,steps: 216,intensity: 244
LED: 6,steps: 216,intensity: 255
LED: 7,steps: 216,intensity: 255
LED: 8,steps: 216,intensity: 255
LED: 0,steps: 217,intensity: 255
LED: 1,steps: 217,intensity: 255
LED: 2,steps: 217,intensity: 255
LED: 3,steps: 217,intensity: 255
LED: 4,steps: 217,intensity: 38
LED: 5,steps: 217,intensity: 244
LED: 6,steps: 217,intensity: 255
LED: 7,steps: 217,intensity: 255
LED: 8,steps: 217,intensity: 255
LED: 0,steps: 218,intensity: 255
LED: 1,steps: 218,intensity: 255
LED: 2,steps: 218,intensity: 255
LED: 3,steps: 218,intensity: 255
LED: 4,steps: 218,intensity: 37
LED: 5,steps: 218,intensity: 244
LED: 6,steps: 218,intensity: 255
LED: 7,steps: 218,intensity: 255
LED: 8,steps: 218,intensity: 255
LED: 0,steps: 219,intensity: 255
LED: 1,steps: 219,intensity: 255
LED: 2,steps: 219,intensity: 255
LED: 3,steps: 219,intensity: 255
LED: 4,steps: 219,intensity: 36
LED: 5,steps: 219,intensity: 244
LED: 6,steps: 219,intensity: 255
LED: 7,steps: 219,intensity: 255
LED: 8,steps: 219,intensity: 255
LED: 0,steps: 220,intensity: 255
LED: 1,steps: 220,intensity: 255
LED: 2,steps: 220,intensity: 255
LED: 3,steps: 220,intensity: 255
LED: 4,steps: 220,intensity: 35
LED: 5,steps: 220,intensity: 244
LED: 6,steps: 220,intensity: 255
LED: 7,steps: 220,intensity: 255
LED: 8,steps: 220,intensity: 255
LED: 0,steps: 221,intensity: 255
LED: 1,steps: 221,intensity: 255
LED: 2,steps: 221,intensity: 255
LED: 3,steps: 221,intensity: 255
LED: 4,steps: 221,intensity: 34
LED: 5,steps: 221,intensity: 244
LED: 6,steps: 221,intensity: 255
LED: 7,steps: 221,intensity: 255
LED: 8,steps: 221,intensity: 255
LED: 0,steps: 222,intensity: 255
LED: 1,steps: 222,intensity: 255
LED: 2,steps: 222,intensity: 255
LED: 3,steps: 222,intensity: 255
LED: 4,steps: 222,intensity: 33
LED: 5,steps: 222,intensity: 244
LED: 6,steps: 222,intensity: 255
LED: 7,steps: 222,intensity: 255
LED: 8,steps: 222,intensity: 255
LED: 0,steps: 223,intensity: 255
LED: 1,steps: 223,intensity: 255
LED: 2,steps: 223,intensity: 255
LED: 3,steps: 223,intensity: 255
LED: 4,steps: 223,intensity: 32
LED: 5,steps: 223,intensity: 244
LED: 6,steps: 223,intensity: 255
LED: 7,steps: 223,intensity: 255
LED: 8,steps: 223,intensity: 255
LED: 0,steps: 224,intensity: 255
LED: 1,steps: 224,intensity: 255
LED: 2,steps: 224,intensity: 255
LED: 3,steps: 224,intensity: 255
LED: 4,steps: 224,intensity: 31
LED: 5,steps: 224,intensity: 244
LED: 6,steps: 224,intensity: 255
LED: 7,steps: 224,intensity: 255
LED: 8,steps: 224,intensity: 255
LED: 0,steps: 225,intensity: 255
LED: 1,steps: 225,intensity: 255
LED: 2,steps: 225,intensity: 255
LED: 3,steps: 225,intensity: 255
LED: 4,steps: 225,intensity: 30
LED: 5,steps: 225,intensity: 244
LED: 6,steps: 225,intensity: 255
LED: 7,steps: 225,intensity: 255
LED: 8,steps: 225,intensity: 255
LED: 0,steps: 226,intensity: 255
LED: 1,steps: 226,intensity: 255
LED: 2,steps: 226,intensity: 255
LED: 3,steps: 226,intensity: 255
LED: 4,steps: 226,intensity: 29
LED: 5,steps: 226,intensity: 244
LED: 6,steps: 226,intensity: 255
LED: 7,steps: 226,intensity: 255
LED: 8,steps: 226,intensity: 255
LED: 0,steps: 227,intensity: 255
LED: 1,steps: 227,intensity: 255
LED: 2,steps: 227,intensity: 255
LED: 3,steps: 227,intensity: 255
LED: 4,steps: 227,intensity: 28
LED: 5,steps: 227,intensity: 244
LED: 6,steps: 227,intensity: 255
LED: 7,steps: 227,intensity: 255
LED: 8,steps: 227,intensity: 255
LED: 0,steps: 228,intensity: 255
LED: 1,steps: 228,intensity: 255
LED: 2,steps: 228,intensity: 255
LED: 3,steps: 228,intensity: 255
LED: 4,steps: 228,intensity: 27
LED: 5,steps: 228,intensity: 244
LED: 6,steps: 228,intensity: 255
LED: 7,steps: 228,intensity: 255
LED: 8,steps: 228,intensity: 255
LED: 0,steps: 229,intensity: 255
LED: 1,steps: 229,intensity: 255
LED: 2,steps: 229,intensity: 255
LED: 3,steps: 229,intensity: 255
LED: 4,steps: 229,intensity: 26
LED: 5,steps: 229,intensity: 244
LED: 6,steps: 229,intensity: 255
LED: 7,steps: 229,intensity: 255
LED: 8,steps: 229,intensity: 255
LED: 0,steps: 230,intensity: 255
LED: 1,steps: 230,intensity: 255
LED: 2,steps: 230,intensity: 255
LED: 3,steps: 230,intensity: 255
LED: 4,steps: 230,intensity: 25
LED: 5,steps: 230,intensity: 244
LED: 6,steps: 230,intensity: 255
LED: 7,steps: 230,intensity: 255
LED: 8,steps: 230,intensity: 255
LED: 0,steps: 231,intensity: 255
LED: 1,steps: 231,intensity: 255
LED: 2,steps: 231,intensity: 255
LED: 3,steps: 231,intensity: 255
LED: 4,steps: 231,intensity: 24
LED: 5,steps: 231,intensity: 244
LED: 6,steps: 231,intensity: 255
LED: 7,steps: 231,intensity: 255
LED: 8,steps: 231,intensity: 255
LED: 0,steps: 232,intensity: 255
LED: 1,steps: 232,intensity: 255
LED: 2,steps: 232,intensity: 255
LED: 3,steps: 232,intensity: 255
LED: 4,steps: 232,intensity: 23
LED: 5,steps: 232,intensity: 244
LED: 6,steps: 232,intensity: 255
LED: 7,steps: 232,intensity: 255
LED: 8,steps: 232,intensity: 255
LED: 0,steps: 233,intensity: 255
LED: 1,steps: 233,intensity: 255
LED: 2,steps: 233,intensity: 255
LED: 3,steps: 233,intensity: 255
LED: 4,steps: 233,intensity: 22
LED: 5,steps: 233,intensity: 244
LED: 6,steps: 233,intensity: 255
LED: 7,steps: 233,intensity: 255
LED: 8,steps: 233,intensity: 255
LED: 0,steps: 234,intensity: 255
LED: 1,steps: 234,intensity: 255
LED: 2,steps: 234,intensity: 255
LED: 3,steps: 234,intensity: 255
LED: 4,steps: 234,intensity: 21
LED: 5,steps: 234,intensity: 244
LED: 6,steps: 234,intensity: 255
LED: 7,steps: 234,intensity: 255
LED: 8,steps: 234,intensity: 255
LED: 0,steps: 235,intensity: 255
LED: 1,steps: 235,intensity: 255
LED: 2,steps: 235,intensity: 255
LED: 3,steps: 235,intensity: 255
LED: 4,steps: 235,intensity: 20
LED: 5,steps: 235,intensity: 244
LED: 6,steps: 235,intensity: 255
LED: 7,steps: 235,intensity: 255
LED: 8,steps: 235,intensity: 255
LED: 0,steps: 236,intensity: 255
LED: 1,steps: 236,intensity: 255
LED: 2,steps: 236,intensity: 255
LED: 3,steps: 236,intensity: 255
LED: 4,steps: 236,intensity: 19
LED: 5,steps: 236,intensity: 244
LED: 6,steps: 236,intensity: 255
LED: 7,steps: 236,intensity: 255
LED: 8,steps: 236,intensity: 255
LED: 0,steps: 237,intensity: 255
LED: 1,steps: 237,intensity: 255
LED: 2,steps: 237,intensity: 255
LED: 3,steps: 237,intensity: 255
LED: 4,steps: 237,intensity: 18
LED: 5,steps: 237,intensity: 244
LED: 6,steps: 237,intensity: 255
LED: 7,steps: 237,intensity: 255
LED: 8,steps: 237,intensity: 255
LED: 0,steps: 238,intensity: 255
LED: 1,steps: 238,intensity: 255
LED: 2,steps: 238,intensity: 255
LED: 3,steps: 238,intensity: 255
LED: 4,steps: 238,intensity: 17
LED: 5,steps: 238,intensity: 244
LED: 6,steps: 238,intensity: 255
LED: 7,steps: 238,intensity: 255
LED: 8,steps: 238,intensity: 255
LED: 0,steps: 239,intensity: 255
LED: 1,steps: 239,intensity: 255
LED: 2,steps: 239,intensity: 255
LED: 3,steps: 239,intensity: 255
LED: 4,steps: 239,intensity: 16
LED: 5,steps: 239,intensity: 244
LED: 6,steps: 239,intensity: 255
LED: 7,steps: 239,intensity: 255
LED: 8,steps: 239,intensity: 255
LED: 0,steps: 240,intensity: 255
LED: 1,steps: 240,intensity: 255
LED: 2,steps: 240,intensity: 255
LED: 3,steps: 240,intensity: 255
LED: 4,steps: 240,intensity: 15
LED: 5,steps: 240,intensity: 244
LED: 6,steps: 240,intensity: 255
LED: 7,steps: 240,intensity: 255
LED: 8,steps: 240,intensity: 255
LED: 0,steps: 241,intensity: 255
LED: 1,steps: 241,intensity: 255
LED: 2,steps: 241,intensity: 255
LED: 3,steps: 241,intensity: 255
LED: 4,steps: 241,intensity: 14
LED: 5,steps: 241,intensity: 244
LED: 6,steps: 241,intensity: 255
LED: 7,steps: 241,intensity: 255
LED: 8,steps: 241,intensity: 255
LED: 0,steps: 242,intensity: 255
LED: 1,steps: 242,intensity: 255
LED: 2,steps: 242,intensity: 255
LED: 3,steps: 242,intensity: 255
LED: 4,steps: 242,intensity: 13
LED: 5,steps: 242,intensity: 244
LED: 6,steps: 242,intensity: 255
LED: 7,steps: 242,intensity: 255
LED: 8,steps: 242,intensity: 255
LED: 0,steps: 243,intensity: 255
LED: 1,steps: 243,intensity: 255
LED: 2,steps: 243,intensity: 255
LED: 3,steps: 243,intensity: 255
LED: 4,steps: 243,intensity: 12
LED: 5,steps: 243,intensity: 244
LED: 6,steps: 243,intensity: 255
LED: 7,steps: 243,intensity: 255
LED: 8,steps: 243,intensity: 255
LED: 0,steps: 244,intensity: 255
LED: 1,steps: 244,intensity: 255
LED: 2,steps: 244,intensity: 255
LED: 3,steps: 244,intensity: 255
LED: 4,steps: 244,intensity: 11
LED: 5,steps: 244,intensity: 244
LED: 6,steps: 244,intensity: 255
LED: 7,steps: 244,intensity: 255
LED: 8,steps: 244,intensity: 255
LED: 0,steps: 245,intensity: 255
LED: 1,steps: 245,intensity: 255
LED: 2,steps: 245,intensity: 255
LED: 3,steps: 245,intensity: 255
LED: 4,steps: 245,intensity: 10
LED: 5,steps: 245,intensity: 244
LED: 6,steps: 245,intensity: 255
LED: 7,steps: 245,intensity: 255
LED: 8,steps: 245,intensity: 255
LED: 0,steps: 246,intensity: 255
LED: 1,steps: 246,intensity: 255
LED: 2,steps: 246,intensity: 255
LED: 3,steps: 246,intensity: 255
LED: 4,steps: 246,intensity: 10
LED: 5,steps: 246,intensity: 244
LED: 6,steps: 246,intensity: 255
LED: 7,steps: 246,intensity: 255
LED: 8,steps: 246,intensity: 255
LED: 0,steps: 247,intensity: 255
LED: 1,steps: 247,intensity: 255
LED: 2,steps: 247,intensity: 255
LED: 3,steps: 247,intensity: 255
LED: 4,steps: 247,intensity: 10
LED: 5,steps: 247,intensity: 244
LED: 6,steps: 247,intensity: 255
LED: 7,steps: 247,intensity: 255
LED: 8,steps: 247,intensity: 255
LED: 0,steps: 248,intensity: 255
LED: 1,steps: 248,intensity: 255
LED: 2,steps: 248,intensity: 255
LED: 3,steps: 248,intensity: 255
LED: 4,steps: 248,intensity: 10
LED: 5,steps: 248,intensity: 244
LED: 6,steps: 248,intensity: 255
LED: 7,steps: 248,intensity: 255
LED: 8,steps: 248,intensity: 255
LED: 0,steps: 249,intensity: 255
LED: 1,steps: 249,intensity: 255
LED: 2,steps: 249,intensity: 255
LED: 3,steps: 249,intensity: 255
LED: 4,steps: 249,intensity: 10
LED: 5,steps: 249,intensity: 244
LED: 6,steps: 249,intensity: 255
LED: 7,steps: 249,intensity: 255
LED: 8,steps: 249,intensity: 255
LED: 0,steps: 250,intensity: 255
LED: 1,steps: 250,intensity: 255
LED: 2,steps: 250,intensity: 255
LED: 3,steps: 250,intensity: 255
LED: 4,steps: 250,intensity: 10
LED: 5,steps: 250,intensity: 244
LED: 6,steps: 250,intensity: 255
LED: 7,steps: 250,intensity: 255
LED: 8,steps: 250,intensity: 255
LED: 0,steps: 251,intensity: 255
LED: 1,steps: 251,intensity: 255
LED: 2,steps: 251,intensity: 255
LED: 3,steps: 251,intensity: 255
LED: 4,steps: 251,intensity: 10
LED: 5,steps: 251,intensity: 244
LED: 6,steps: 251,intensity: 255
LED: 7,steps: 251,intensity: 255
LED: 8,steps: 251,intensity: 255
LED: 0,steps: 252,intensity: 255
LED: 1,steps: 252,intensity: 255
LED: 2,steps: 252,intensity: 255
LED: 3,steps: 252,intensity: 255
LED: 4,steps: 252,intensity: 10
LED: 5,steps: 252,intensity: 244
LED: 6,steps: 252,intensity: 255
LED: 7,steps: 252,intensity: 255
LED: 8,steps: 252,intensity: 255
LED: 0,steps: 253,intensity: 255
LED: 1,steps: 253,intensity: 255
LED: 2,steps: 253,intensity: 255
LED: 3,steps: 253,intensity: 255
LED: 4,steps: 253,intensity: 10
LED: 5,steps: 253,intensity: 244
LED: 6,steps: 253,intensity: 255
LED: 7,steps: 253,intensity: 255
LED: 8,steps: 253,intensity: 255
LED: 0,steps: 254,intensity: 255
LED: 1,steps: 254,intensity: 255
LED: 2,steps: 254,intensity: 255
LED: 3,steps: 254,intensity: 255
LED: 4,steps: 254,intensity: 10
LED: 5,steps: 254,intensity: 244
LED: 6,steps: 254,intensity: 255
LED: 7,steps: 254,intensity: 255
LED: 8,steps: 254,intensity: 255
LED: 0,steps: 255,intensity: 255
LED: 1,steps: 255,intensity: 255
LED: 2,steps: 255,intensity: 255
LED: 3,steps: 255,intensity: 255
LED: 4,steps: 255,intensity: 10
LED: 5,steps: 255,intensity: 244
LED: 6,steps: 255,intensity: 255
LED: 7,steps: 255,intensity: 255
LED: 8,steps: 255,intensity: 255
LED: 0,steps: 256,intensity: 255
LED: 1,steps: 256,intensity: 255
LED: 2,steps: 256,intensity: 255
LED: 3,steps: 256,intensity: 255
LED: 4,steps: 256,intensity: 10
LED: 5,steps: 256,intensity: 244
LED: 6,steps: 256,intensity: 255
LED: 7,steps: 256,intensity: 255
LED: 8,steps: 256,intensity: 255
LED: 0,steps: 257,intensity: 255
LED: 1,steps: 257,intensity: 255
LED: 2,steps: 257,intensity: 255
LED: 3,steps: 257,intensity: 255
LED: 4,steps: 257,intensity: 10
LED: 5,steps: 257,intensity: 244
LED: 6,steps: 257,intensity: 255
LED: 7,steps: 257,intensity: 255
LED: 8,steps: 257,intensity: 255
LED: 0,steps: 258,intensity: 255
LED: 1,steps: 258,intensity: 255
LED: 2,steps: 258,intensity: 255
LED: 3,steps: 258,intensity: 255
LED: 4,steps: 258,intensity: 10
LED: 5,steps: 258,intensity: 244
LED: 6,steps: 258,intensity: 255
LED: 7,steps: 258,intensity: 255
LED: 8,steps: 258,intensity: 255
LED: 0,steps: 259,intensity: 255
LED: 1,steps: 259,intensity: 255
LED: 2,steps: 259,intensity: 255
LED: 3,steps: 259,intensity: 255
LED: 4,steps: 259,intensity: 10
LED: 5,steps: 259,intensity: 244
LED: 6,steps: 259,intensity: 255
LED: 7,steps: 259,intensity: 255
LED: 8,steps: 259,intensity: 255
LED: 0,steps: 260,intensity: 255
LED: 1,steps: 260,intensity: 255
LED: 2,steps: 260,intensity: 255
LED: 3,steps: 260,intensity: 255
LED: 4,steps: 260,intensity: 10
LED: 5,steps: 260,intensity: 244
LED: 6,steps: 260,intensity: 255
LED: 7,steps: 260,intensity: 255
LED: 8,steps: 260,intensity: 255
LED: 0,steps: 261,intensity: 255
LED: 1,steps: 261,intensity: 255
LED: 2,steps: 261,intensity: 255
LED: 3,steps: 261,intensity: 255
LED: 4,steps: 261,intensity: 10
LED: 5,steps: 261,intensity: 244
LED: 6,steps: 261,intensity: 255
LED: 7,steps: 261,intensity: 255
LED: 8,steps: 261,intensity: 255
LED: 0,steps: 262,intensity: 255
LED: 1,steps: 262,intensity: 255
LED: 2,steps: 262,intensity: 255
LED: 3,steps: 262,intensity: 255
LED: 4,steps: 262,intensity: 10
LED: 5,steps: 262,intensity: 244
LED: 6,steps: 262,intensity: 255
LED: 7,steps: 262,intensity: 255
LED: 8,steps: 262,intensity: 255
LED: 0,steps: 263,intensity: 255
LED: 1,steps: 263,intensity: 255
LED: 2,steps: 263,intensity: 255
LED: 3,steps: 263,intensity: 255
LED: 4,steps: 263,intensity: 10
LED: 5,steps: 263,intensity: 244
LED: 6,steps: 263,intensity: 255
LED: 7,steps: 263,intensity: 255
LED: 8,steps: 263,intensity: 255
LED: 0,steps: 264,intensity: 255
LED: 1,steps: 264,intensity: 255
LED: 2,steps: 264,intensity: 255
LED: 3,steps: 264,intensity: 255
LED: 4,steps: 264,intensity: 10
LED: 5,steps: 264,intensity: 244
LED: 6,steps: 264,intensity: 255
LED: 7,steps: 264,intensity: 255
LED: 8,steps: 264,intensity: 255
LED: 0,steps: 265,intensity: 255
LED: 1,steps: 265,intensity: 255
LED: 2,steps: 265,intensity: 255
LED: 3,steps: 265,intensity: 255
LED: 4,steps: 265,intensity: 10
LED: 5,steps: 265,intensity: 244
LED: 6,steps: 265,intensity: 255
LED: 7,steps: 265,intensity: 255
LED: 8,steps: 265,intensity: 255
LED: 0,steps: 266,intensity: 255
LED: 1,steps: 266,intensity: 255
LED: 2,steps: 266,intensity: 255
LED: 3,steps: 266,intensity: 255
LED: 4,steps: 266,intensity: 10
LED: 5,steps: 266,intensity: 244
LED: 6,steps: 266,intensity: 255
LED: 7,steps: 266,intensity: 255
LED: 8,steps: 266,intensity: 255
LED: 0,steps: 267,intensity: 255
LED: 1,steps: 267,intensity: 255
LED: 2,steps: 267,intensity: 255
LED: 3,steps: 267,intensity: 255
LED: 4,steps: 267,intensity: 10
LED: 5,steps: 267,intensity: 244
LED: 6,steps: 267,intensity: 255
LED: 7,steps: 267,intensity: 255
LED: 8,steps: 267,intensity: 255
LED: 0,steps: 268,intensity: 255
LED: 1,steps: 268,intensity: 255
LED: 2,steps: 268,intensity: 255
LED: 3,steps: 268,intensity: 255
LED: 4,steps: 268,intensity: 10
LED: 5,steps: 268,intensity: 244
LED: 6,steps: 268,intensity: 255
LED: 7,steps: 268,intensity: 255
LED: 8,steps: 268,intensity: 255
LED: 0,steps: 269,intensity: 255
LED: 1,steps: 269,intensity: 255
LED: 2,steps: 269,intensity: 255
LED: 3,steps: 269,intensity: 255
LED: 4,steps: 269,intensity: 10
LED: 5,steps: 269,intensity: 244
LED: 6,steps: 269,intensity: 255
LED: 7,steps: 269,intensity: 255
LED: 8,steps: 269,intensity: 255
LED: 0,steps: 270,intensity: 255
LED: 1,steps: 270,intensity: 255
LED: 2,steps: 270,intensity: 255
LED: 3,steps: 270,intensity: 255
LED: 4,steps: 270,intensity: 10
LED: 5,steps: 270,intensity: 244
LED: 6,steps: 270,intensity: 255
LED: 7,steps: 270,intensity: 255
LED: 8,steps: 270,intensity: 255
LED: 0,steps: 271,intensity: 255
LED: 1,steps: 271,intensity: 255
LED: 2,steps: 271,intensity: 255
LED: 3,steps: 271,intensity: 255
LED: 4,steps: 271,intensity: 10
LED: 5,steps: 271,intensity: 244
LED: 6,steps: 271,intensity: 255
LED: 7,steps: 271,intensity: 255
LED: 8,steps: 271,intensity: 255
LED: 0,steps: 272,intensity: 255
LED: 1,steps: 272,intensity: 255
LED: 2,steps: 272,intensity: 255
LED: 3,steps: 272,intensity: 255
LED: 4,steps: 272,intensity: 10
LED: 5,steps: 272,intensity: 244
LED: 6,steps: 272,intensity: 255
LED: 7,steps: 272,intensity: 255
LED: 8,steps: 272,intensity: 255
LED: 0,steps: 273,intensity: 255
LED: 1,steps: 273,intensity: 255
LED: 2,steps: 273,intensity: 255
LED: 3,steps: 273,intensity: 255
LED: 4,steps: 273,intensity: 10
LED: 5,steps: 273,intensity: 244
LED: 6,steps: 273,intensity: 255
LED: 7,steps: 273,intensity: 255
LED: 8,steps: 273,intensity: 255
LED: 0,steps: 274,intensity: 255
LED: 1,steps: 274,intensity: 255
LED: 2,steps: 274,intensity: 255
LED: 3,steps: 274,intensity: 255
LED: 4,steps: 274,intensity: 10
LED: 5,steps: 274,intensity: 244
LED: 6,steps: 274,intensity: 255
LED: 7,steps: 274,intensity: 255
LED: 8,steps: 274,intensity: 255
LED: 0,steps: 275,intensity: 255
LED: 1,steps: 275,intensity: 255
LED: 2,steps: 275,intensity: 255
LED: 3,steps: 275,intensity: 255
LED: 4,steps: 275,intensity: 10
LED: 5,steps: 275,intensity: 244
LED: 6,steps: 275,intensity: 255
LED: 7,steps: 275,intensity: 255
LED: 8,steps: 275,intensity: 255
LED: 0,steps: 276,intensity: 255
LED: 1,steps: 276,intensity: 255
LED: 2,steps: 276,intensity: 255
LED: 3,steps: 276,intensity: 255
LED: 4,steps: 276,intensity: 10
LED: 5,steps: 276,intensity: 244
LED: 6,steps: 276,intensity: 255
LED: 7,steps: 276,intensity: 255
LED: 8,steps: 276,intensity: 255
LED: 0,steps: 277,intensity: 255
LED: 1,steps: 277,intensity: 255
LED: 2,steps: 277,intensity: 255
LED: 3,steps: 277,intensity: 255
LED: 4,steps: 277,intensity: 10
LED: 5,steps: 277,intensity: 244
LED: 6,steps: 277,intensity: 255
LED: 7,steps: 277,intensity: 255
LED: 8,steps: 277,intensity: 255
LED: 0,steps: 278,intensity: 255
LED: 1,steps: 278,intensity: 255
LED: 2,steps: 278,intensity: 255
LED: 3,steps: 278,intensity: 255
LED: 4,steps: 278,intensity: 10
LED: 5,steps: 278,intensity: 244
LED: 6,steps: 278,intensity: 255
LED: 7,steps: 278,intensity: 255
LED: 8,steps: 278,intensity: 255
LED: 0,steps: 279,intensity: 255
LED: 1,steps: 279,intensity: 255
LED: 2,steps: 279,intensity: 255
LED: 3,steps: 279,intensity: 255
LED: 4,steps: 279,intensity: 10
LED: 5,steps: 279,intensity: 244
LED: 6,steps: 279,intensity: 255
LED: 7,steps: 279,intensity: 255
LED: 8,steps: 279,intensity: 255
LED: 0,steps: 280,intensity: 255
LED: 1,steps: 280,intensity: 255
LED: 2,steps: 280,intensity: 255
LED: 3,steps: 280,intensity: 255
LED: 4,steps: 280,intensity: 10
LED: 5,steps: 280,intensity: 244
LED: 6,steps: 280,intensity: 255
LED: 7,steps: 280,intensity: 255
LED: 8,steps: 280,intensity: 255
LED: 0,steps: 281,intensity: 255
LED: 1,steps: 281,intensity: 255
LED: 2,steps: 281,intensity: 255
LED: 3,steps: 281,intensity: 255
LED: 4,steps: 281,intensity: 10
LED: 5,steps: 281,intensity: 244
LED: 6,steps: 281,intensity: 255
LED: 7,steps: 281,intensity: 255
LED: 8,steps: 281,intensity: 255
LED: 0,steps: 282,intensity: 255
LED: 1,steps: 282,intensity: 255
LED: 2,steps: 282,intensity: 255
LED: 3,steps: 282,intensity: 255
LED: 4,steps: 282,intensity: 10
LED: 5,steps: 282,intensity: 244
LED: 6,steps: 282,intensity: 255
LED: 7,steps: 282,intensity: 255
LED: 8,steps: 282,intensity: 255
LED: 0,steps: 283,intensity: 255
LED: 1,steps: 283,intensity: 255
LED: 2,steps: 283,intensity: 255
LED: 3,steps: 283,intensity: 255
LED: 4,steps: 283,intensity: 10
LED: 5,steps: 283,intensity: 244
LED: 6,steps: 283,intensity: 255
LED: 7,steps: 283,intensity: 255
LED: 8,steps: 283,intensity: 255
LED: 0,steps: 284,intensity: 255
LED: 1,steps: 284,intensity: 255
LED: 2,steps: 284,intensity: 255
LED: 3,steps: 284,intensity: 255
LED: 4,steps: 284,intensity: 10
LED: 5,steps: 284,intensity: 244
LED: 6,steps: 284,intensity: 255
LED: 7,steps: 284,intensity: 255
LED: 8,steps: 284,intensity: 255
LED: 0,steps: 285,intensity: 255
LED: 1,steps: 285,intensity: 255
LED: 2,steps: 285,intensity: 255
LED: 3,steps: 285,intensity: 255
LED: 4,steps: 285,intensity: 10
LED: 5,steps: 285,intensity: 244
LED: 6,steps: 285,intensity: 255
LED: 7,steps: 285,intensity: 255
LED: 8,steps: 285,intensity: 255
LED: 0,steps: 286,intensity: 255
LED: 1,steps: 286,intensity: 255
LED: 2,steps: 286,intensity: 255
LED: 3,steps: 286,intensity: 255
LED: 4,steps: 286,intensity: 10
LED: 5,steps: 286,intensity: 244
LED: 6,steps: 286,intensity: 255
LED: 7,steps: 286,intensity: 255
LED: 8,steps: 286,intensity: 255
LED: 0,steps: 287,intensity: 255
LED: 1,steps: 287,intensity: 255
LED: 2,steps: 287,intensity: 255
LED: 3,steps: 287,intensity: 255
LED: 4,steps: 287,intensity: 10
LED: 5,steps: 287,intensity: 244
LED: 6,steps: 287,intensity: 255
LED: 7,steps: 287,intensity: 255
LED: 8,steps: 287,intensity: 255
LED: 0,steps: 288,intensity: 255
LED: 1,steps: 288,intensity: 255
LED: 2,steps: 288,intensity: 255
LED: 3,steps: 288,intensity: 255
LED: 4,steps: 288,intensity: 10
LED: 5,steps: 288,intensity: 244
LED: 6,steps: 288,intensity: 255
LED: 7,steps: 288,intensity: 255
LED: 8,steps: 288,intensity: 255
LED: 0,steps: 289,intensity: 255
LED: 1,steps: 289,intensity: 255
LED: 2,steps: 289,intensity: 255
LED: 3,steps: 289,intensity: 255
LED: 4,steps: 289,intensity: 10
LED: 5,steps: 289,intensity: 244
LED: 6,steps: 289,intensity: 255
LED: 7,steps: 289,intensity: 255
LED: 8,steps: 289,intensity: 255
LED: 0,steps: 290,intensity: 255
LED: 1,steps: 290,intensity: 255
LED: 2,steps: 290,intensity: 255
LED: 3,steps: 290,intensity: 255
LED: 4,steps: 290,intensity: 10
LED: 5,steps: 290,intensity: 244
LED: 6,steps: 290,intensity: 255
LED: 7,steps: 290,intensity: 255
LED: 8,steps: 290,intensity: 255
LED: 0,steps: 291,intensity: 255
LED: 1,steps: 291,intensity: 255
LED: 2,steps: 291,intensity: 255
LED: 3,steps: 291,intensity: 255
LED: 4,steps: 291,intensity: 10
LED: 5,steps: 291,intensity: 244
LED: 6,steps: 291,intensity: 255
LED: 7,steps: 291,intensity: 255
LED: 8,steps: 291,intensity: 255
LED: 0,steps: 292,intensity: 255
LED: 1,steps: 292,intensity: 255
LED: 2,steps: 292,intensity: 255
LED: 3,steps: 292,intensity: 255
LED: 4,steps: 292,intensity: 10
LED: 5,steps: 292,intensity: 244
LED: 6,steps: 292,intensity: 255
LED: 7,steps: 292,intensity: 255
LED: 8,steps: 292,intensity: 255
LED: 0,steps: 293,intensity: 255
LED: 1,steps: 293,intensity: 255
LED: 2,steps: 293,intensity: 255
LED: 3,steps: 293,intensity: 255
LED: 4,steps: 293,intensity: 10
LED: 5,steps: 293,intensity: 244
LED: 6,steps: 293,intensity: 255
LED: 7,steps: 293,intensity: 255
LED: 8,steps: 293,intensity: 255
LED: 0,steps: 294,intensity: 255
LED: 1,steps: 294,intensity: 255
LED: 2,steps: 294,intensity: 255
LED: 3,steps: 294,intensity: 255
LED: 4,steps: 294,intensity: 10
LED: 5,steps: 294,intensity: 244
LED: 6,steps: 294,intensity: 255
LED: 7,steps: 294,intensity: 255
LED: 8,steps: 294,intensity: 255
LED: 0,steps: 295,intensity: 255
LED: 1,steps: 295,intensity: 255
LED: 2,steps: 295,intensity: 255
LED: 3,steps: 295,intensity: 255
LED: 4,steps: 295,intensity: 10
LED: 5,steps: 295,intensity: 244
LED: 6,steps: 295,intensity: 255
LED: 7,steps: 295,intensity: 255
LED: 8,steps: 295,intensity: 255
LED: 0,steps: 296,intensity: 255
LED: 1,steps: 296,intensity: 255
LED: 2,steps: 296,intensity: 255
LED: 3,steps: 296,intensity: 255
LED: 4,steps: 296,intensity: 10
LED: 5,steps: 296,intensity: 244
LED: 6,steps: 296,intensity: 255
LED: 7,steps: 296,intensity: 255
LED: 8,steps: 296,intensity: 255
LED: 0,steps: 297,intensity: 255
LED: 1,steps: 297,intensity: 255
LED: 2,steps: 297,intensity: 255
LED: 3,steps: 297,intensity: 255
LED: 4,steps: 297,intensity: 10
LED: 5,steps: 297,intensity: 244
LED: 6,steps: 297,intensity: 255
LED: 7,steps: 297,intensity: 255
LED: 8,steps: 297,intensity: 255
LED: 0,steps: 298,intensity: 255
LED: 1,steps: 298,intensity: 255
LED: 2,steps: 298,intensity: 255
LED: 3,steps: 298,intensity: 255
LED: 4,steps: 298,intensity: 10
LED: 5,steps: 298,intensity: 244
LED: 6,steps: 298,intensity: 255
LED: 7,steps: 298,intensity: 255
LED: 8,steps: 298,intensity: 255
LED: 0,steps: 299,intensity: 255
LED: 1,steps: 299,intensity: 255
LED: 2,steps: 299,intensity: 255
LED: 3,steps: 299,intensity: 255
LED: 4,steps: 299,intensity: 10
LED: 5,steps: 299,intensity: 244
LED: 6,steps: 299,intensity: 255
LED: 7,steps: 299,intensity: 255
LED: 8,steps: 299,intensity: 255
LED: 0,steps: 300,intensity: 255
LED: 1,steps: 300,intensity: 255
LED: 2,steps: 300,intensity: 255
LED: 3,steps: 300,intensity: 255
LED: 4,steps: 300,intensity: 10
LED: 5,steps: 300,intensity: 244
LED: 6,steps: 300,intensity: 255
LED: 7,steps: 300,intensity: 255
LED: 8,steps: 300,intensity: 255
LED: 0,steps: 301,intensity: 255
LED: 1,steps: 301,intensity: 255
LED: 2,steps: 301,intensity: 255
LED: 3,steps: 301,intensity: 255
LED: 4,steps: 301,intensity: 10
LED: 5,steps: 301,intensity: 244
LED: 6,steps: 301,intensity: 255
LED: 7,steps: 301,intensity: 255
LED: 8,steps: 301,intensity: 255
LED: 0,steps: 302,intensity: 255
LED: 1,steps: 302,intensity: 255
LED: 2,steps: 302,intensity: 255
LED: 3,steps: 302,intensity: 255
LED: 4,steps: 302,intensity: 10
LED: 5,steps: 302,intensity: 244
LED: 6,steps: 302,intensity: 255
LED: 7,steps: 302,intensity: 255
LED: 8,steps: 302,intensity: 255
LED: 0,steps: 303,intensity: 255
LED: 1,steps: 303,intensity: 255
LED: 2,steps: 303,intensity: 255
LED: 3,steps: 303,intensity: 255
LED: 4,steps: 303,intensity: 10
LED: 5,steps: 303,intensity: 244
LED: 6,steps: 303,intensity: 255
LED: 7,steps: 303,intensity: 255
LED: 8,steps: 303,intensity: 255
LED: 0,steps: 304,intensity: 255
LED: 1,steps: 304,intensity: 255
LED: 2,steps: 304,intensity: 255
LED: 3,steps: 304,intensity: 255
LED: 4,steps: 304,intensity: 10
LED: 5,steps: 304,intensity: 244
LED: 6,steps: 304,intensity: 255
LED: 7,steps: 304,intensity: 255
LED: 8,steps: 304,intensity: 255
LED: 0,steps: 305,intensity: 255
LED: 1,steps: 305,intensity: 255
LED: 2,steps: 305,intensity: 255
LED: 3,steps: 305,intensity: 255
LED: 4,steps: 305,intensity: 10
LED: 5,steps: 305,intensity: 244
LED: 6,steps: 305,intensity: 255
LED: 7,steps: 305,intensity: 255
LED: 8,steps: 305,intensity: 255
LED: 0,steps: 306,intensity: 255
LED: 1,steps: 306,intensity: 255
LED: 2,steps: 306,intensity: 255
LED: 3,steps: 306,intensity: 255
LED: 4,steps: 306,intensity: 10
LED: 5,steps: 306,intensity: 244
LED: 6,steps: 306,intensity: 255
LED: 7,steps: 306,intensity: 255
LED: 8,steps: 306,intensity: 255
LED: 0,steps: 307,intensity: 255
LED: 1,steps: 307,intensity: 255
LED: 2,steps: 307,intensity: 255
LED: 3,steps: 307,intensity: 255
LED: 4,steps: 307,intensity: 10
LED: 5,steps: 307,intensity: 244
LED: 6,steps: 307,intensity: 255
LED: 7,steps: 307,intensity: 255
LED: 8,steps: 307,intensity: 255
LED: 0,steps: 308,intensity: 255
LED: 1,steps: 308,intensity: 255
LED: 2,steps: 308,intensity: 255
LED: 3,steps: 308,intensity: 255
LED: 4,steps: 308,intensity: 10
LED: 5,steps: 308,intensity: 244
LED: 6,steps: 308,intensity: 255
LED: 7,steps: 308,intensity: 255
LED: 8,steps: 308,intensity: 255
LED: 0,steps: 309,intensity: 255
LED: 1,steps: 309,intensity: 255
LED: 2,steps: 309,intensity: 255
LED: 3,steps: 309,intensity: 255
LED: 4,steps: 309,intensity: 10
LED: 5,steps: 309,intensity: 244
LED: 6,steps: 309,intensity: 255
LED: 7,steps: 309,intensity: 255
LED: 8,steps: 309,intensity: 255
LED: 0,steps: 310,intensity: 255
LED: 1,steps: 310,intensity: 255
LED: 2,steps: 310,intensity: 255
LED: 3,steps: 310,intensity: 255
LED: 4,steps: 310,intensity: 10
LED: 5,steps: 310,intensity: 244
LED: 6,steps: 310,intensity: 255
LED: 7,steps: 310,intensity: 255
LED: 8,steps: 310,intensity: 255
LED: 0,steps: 311,intensity: 255
LED: 1,steps: 311,intensity: 255
LED: 2,steps: 311,intensity: 255
LED: 3,steps: 311,intensity: 255
LED: 4,steps: 311,intensity: 10
LED: 5,steps: 311,intensity: 244
LED: 6,steps: 311,intensity: 255
LED: 7,steps: 311,intensity: 255
LED: 8,steps: 311,intensity: 255
LED: 0,steps: 312,intensity: 255
LED: 1,steps: 312,intensity: 255
LED: 2,steps: 312,intensity: 255
LED: 3,steps: 312,intensity: 255
LED: 4,steps: 312,intensity: 10
LED: 5,steps: 312,intensity: 244
LED: 6,steps: 312,intensity: 255
LED: 7,steps: 312,intensity: 255
LED: 8,steps: 312,intensity: 255
LED: 0,steps: 313,intensity: 255
LED: 1,steps: 313,intensity: 255
LED: 2,steps: 313,intensity: 255
LED: 3,steps: 313,intensity: 255
LED: 4,steps: 313,intensity: 10
LED: 5,steps: 313,intensity: 244
LED: 6,steps: 313,intensity: 255
LED: 7,steps: 313,intensity: 255
LED: 8,steps: 313,intensity: 255
LED: 0,steps: 314,intensity: 255
LED: 1,steps: 314,intensity: 255
LED: 2,steps: 314,intensity: 255
LED: 3,steps: 314,intensity: 255
LED: 4,steps: 314,intensity: 10
LED: 5,steps: 314,intensity: 244
LED: 6,steps: 314,intensity: 255
LED: 7,steps: 314,intensity: 255
LED: 8,steps: 314,intensity: 255
LED: 0,steps: 315,intensity: 255
LED: 1,steps: 315,intensity: 255
LED: 2,steps: 315,intensity: 255
LED: 3,steps: 315,intensity: 255
LED: 4,steps: 315,intensity: 10
LED: 5,steps: 315,intensity: 244
LED: 6,steps: 315,intensity: 255
LED: 7,steps: 315,intensity: 255
LED: 8,steps: 315,intensity: 255